budget_code,budget_name,is_digital,description,fy2016_spending,fy2017_spending,fy2018_spending,fy2019_spending,fy2020_spending,fy2021_spending,fy2022_spending,fy2023_spending,fy2024_spending,fy2025_spending,top_expense_categories_fy25,top_vendors_fy25,pct_confirmed_digital_fy25
8811,MYCITY PROJECT,Digital,"Digital Service Project: One-stop portal for NYC services and benefits - child care, small business, jobs. Over 100,000 users.",0,0,0,0,0,0,0,5958924,27608780,19113087,PROF SERV COMPUTER SERVICES (50%); CONTRACTUAL SERVICES GENERAL (21%); DATA PROCESSING EQUIPMENT MAINTENANCE (13%); PROF SERV OTHER (9%); OTHR SERV AND CHRGS-GENERAL (6%); PROMPT PAYMENT INTEREST (0%),"SHI INTERNATIONAL CORP (50%); CDW GOVERNMENT LLC (17%); PRUTECH SOLUTIONS, INC (8%); DELL MARKETING LP (3%); GAZELLE GLOBALIZATION GROUP LL (3%); COMPULINK TECHNOLOGIES INC (3%); RANGAM CONSULTANTS INC (2%); WORLD WIDE TECHNOLOGY LLC (2%); MOBILITY CAPITAL FINANCE INC (2%); KAMBRIAN CORPORATION (1%)",50.0
6111,DOBNOW PROJECT,Digital,"Digital Service Project: Department of Buildings online portal for permits, inspections, compliance. Replaced old BIS system.",10027,18086,14108,6242822,11288830,12853527,8209593,11164635,11600084,7671809,PROF SERV COMPUTER SERVICES (96%); PROF SERV OTHER (2%); PAYMENTS TO CULTURAL INSTITUTN (2%); SUPPLIES + MATERIALS - GENERAL (0%),SPRUCE TECHNOLOGY INC (91%); RCI TECHNOLOGIES INC (8%); BROOKLYN MUSEUM OF ART (2%); DIAMOND PROMOTIONS INC (0%); JP MORGAN CHASE BANK NA (0%); WORLD OF PROMOTIONS (0%); STAPLES CONTRACT & COMMERCIAL LLC (0%); DESIGN BRAND PRINT SERVICES INC (0%); BUYCHEAPCENTRAL INC (0%); MULTI MEDIA PROMOS LLC (0%),96.0
NOW2,DOB NOW IMPLEMENTATION,Digital,Digital Service Project: DOB NOW implementation at 280 Broadway. Part of Building One City modernization plan.,0,3999334,13573580,7513380,4502099,6770635,462664,2738675,1709399,3934758,CAPITAL PURCHASED EQUIPMENT (100%),SPRUCE TECHNOLOGY INC (100%),0.0
NGEN,NEXT GENERATION 9-1-1,Digital,"Digital Service Project: IP-based 911 system with voice, photos, videos, text. Handles 9M+ calls/year.",0,364199,1435440,3809216,2969795,9032088,11711203,11858610,13984736,15175864,CAPITAL PURCHASED EQUIPMENT (100%),"UNIVERSAL TECHNOLOGIES, LLC (26%); MILLENNIUM INFO TECH INC (9%); Evergreen Technologies LLC (6%); STRATFORD SOLUTIONS INC (6%); RANGAM CONSULTANTS INC (5%); UNIQUE COMP INC (5%); INFOPEOPLE CORPORATION (5%); Layatech And Logistics LLC (5%); K SYSTEMS SOLUTIONS LLC (4%); PEER CONSULTING RESOURCES INC (4%)",0.0
1300,NYC CYBER COMMAND,Digital,Cybersecurity: 24/7 SOC protecting 100+ agencies. Handles 90 billion cyber events/week.,9461354,10779183,8350800,25886281,43125510,73221063,94386208,116364605,97097271,85449025,DATA PROCESSING EQUIPMENT MAINTENANCE (54%); Payroll Summary (24%); PROF SERV OTHER (14%); PROF SERV COMPUTER SERVICES (4%); EXPENSE ONLY FUNDED SBITA (1%); EQUIPMENT GENERAL (1%); CONTRACTUAL SERVICES GENERAL (0%); OTHR SERV AND CHRGS-GENERAL (0%); TELEPHONE & OTHER COMMUNICATNS (0%); PROF SERV LEGAL SERVICES (0%),SHI INTERNATIONAL CORP (40%); CDW GOVERNMENT LLC (26%); NEW YORK CITY CYBER COMMAND (15%); OFFICE OF ADMINISTRATION (4%); PERSONAL SERVICES (3%); DELOITTE CONSULTING LLP (2%); INTERNATIONAL BUSINESS MACHINES CORP (2%); EXECUTIVE AND OPERATIONS SUPPORT (2%); EXEC ADM & PLANN MGT. (1%); PROTEK INFORMATION TECHNOLOGY SERVICES LLC (1%),5.0
1330,SMALL BUSINESS PORTAL - IT/TECH,Digital,"Digital Service Project: SBS Connect & MyCity Business platforms for business services, permits, financing.",0,0,0,0,0,0,0,662666,1022045,1352265,PROF SERV COMPUTER SERVICES (72%); Payroll Summary (21%); PURCH DATA PROCESSING EQUIPT (7%); SUPPLIES + MATERIALS - GENERAL (0%),"PEER CONSULTING RESOURCES INC (30%); DEPT. OF BUSINESS P.S. (21%); SPRUCE TECHNOLOGY INC (19%); PRUTECH SOLUTIONS, INC (14%); Visionaryz Inc (8%); DELL MARKETING LP (7%); DERIVE TECHNOLOGIES LLC (0%)",72.0
0711,PUBLIC SAFETY IT SERVICES,Digital,"Digital Service Category: IT services and systems for public safety agencies (police, fire, emergency services). Ongoing operational category.",0,0,0,0,0,55761445,58831249,62385063,61254095,71421398,DATA PROCESSING EQUIPMENT MAINTENANCE (41%); TELEPHONE & OTHER COMMUNICATNS (30%); Payroll Summary (11%); CONTRACTUAL SERVICES GENERAL (6%); PROF SERV OTHER (6%); PROF SERV COMPUTER SERVICES (2%); MAINT & REP GENERAL (1%); TELECOMMUNICATIONS MAINT (1%); PURCH DATA PROCESSING EQUIPT (0%); TELECOMMUNICATIONS EQUIPMENT (0%),VERIZON BUSINESS NETWORK SERVICES LLC (27%); NICE SYSTEMS INCORPORATED (13%); MOTOROLA SOLUTIONS CONNECTIVITY INC (11%); 911 TECHNICAL OPERATIONS- PS (11%); CDW GOVERNMENT LLC (8%); WORLD WIDE TECHNOLOGY LLC (6%); PRESIDIO NETWORKED SOLUTIONS GROUP LLC (4%); SHI INTERNATIONAL CORP (4%); MASON TECHNOLOGIES INC (2%); CROWN CASTLE FIBER LLC (2%),2.0
3131,APPLICATIONS,Mixed,Digital Service Category: Custom software application development and maintenance. Core digital services work (18F-type).,508717,142705,690461,462861,442177,106197,19999626,21044152,25267450,19960499,Payroll Summary (55%); DATA PROCESSING EQUIPMENT MAINTENANCE (15%); PROF SERV OTHER (14%); PROF SERV COMPUTER SERVICES (12%); CONTRACTUAL SERVICES GENERAL (3%); EXPENSE ONLY FUNDED SBITA (1%); OTHR SERV AND CHRGS-GENERAL (0%); PURCH DATA PROCESSING EQUIPT (0%),TECHNOLOGY SERVICES - PS (55%); INTERNATIONAL BUSINESS MACHINES CORP (14%); SHI INTERNATIONAL CORP (9%); CDW GOVERNMENT LLC (5%); MYTHICS LLC (4%); ABRAHAMS CONSULTING LLC (4%); K SYSTEMS SOLUTIONS LLC (3%); COMPULINK TECHNOLOGIES INC (2%); RCI TECHNOLOGIES INC (2%); N/A (PRIVACY/SECURITY) (1%),13.0
3310,INFRASTRUCTURE TECH ARCHITECTURE,Mixed,"Digital Service Category: IT infrastructure design, cloud architecture, system architecture, DevOps. Digital services consulting.",9206176,10903743,12230943,14614976,14787033,13935129,6707116,13888973,14138133,26251139,Payroll Summary (42%); DATA PROCESSING EQUIPMENT MAINTENANCE (27%); PROF SERV OTHER (21%); DATA PROCESSING SERVICES (5%); PROF SERV COMPUTER SERVICES (4%); CONTRACTUAL SERVICES GENERAL (2%); OTHR SERV AND CHRGS-GENERAL (0%); EXPENSE ONLY FUNDED SBITA (0%); MAINT & REP GENERAL (0%); SUPPLIES + MATERIALS - GENERAL (0%),SHI INTERNATIONAL CORP (42%); DISEASE CONTROL - PS (26%); EXECUTIVE ADMINISTRATIVE (14%); WORLD WIDE TECHNOLOGY LLC (6%); OPTINET COMMUNICATIONS INC (4%); CDW GOVERNMENT LLC (2%); DESIGN & ENGINEERING PS (2%); RAJ SOMAS (2%); MICROSOFT CORPORATION (1%); ABRAHAMS CONSULTING LLC (0%),4.0
1290,DCAS IT,Mixed,Digital Service Category: Department of Citywide Administrative Services IT operations and services.,1365917,1600537,1569971,1858592,3008654,2133359,2364321,3153898,3255691,3225121,Payroll Summary (40%); PROF SERV COMPUTER SERVICES (24%); OTHR SERV AND CHRGS-GENERAL (11%); CONTRACTUAL SERVICES GENERAL (7%); DATA PROCESSING EQUIPMENT MAINTENANCE (6%); EXPENSE ONLY FUNDED SBITA (4%); BOOKS-OTHER (3%); PURCH DATA PROCESSING EQUIPT (2%); ADVERTISING (1%); SUPPLIES + MATERIALS - GENERAL (1%),"EXEC ADM & PLANN MGT. (36%); AITA CONSULTING SERVICES INC (7%); NEW YORK CITY ECONOMIC DEVELOPMENT CORPORATION (7%); PRUTECH SOLUTIONS, INC (6%); WORLD WIDE TECHNOLOGY LLC (6%); SVAM INTERNATIONAL INC (4%); PEER CONSULTING RESOURCES INC (4%); JEDI ARK CORP (4%); OFFICE OF ADMINISTRATION (3%); SHI INTERNATIONAL CORP (3%)",28.0
9912,MANAGEMENT INFORMATION SYSTEMS,Digital,"IT Operations: Real IT spending - SHI, Deloitte, CDW, ConvergeOne. All legitimate IT vendors for DSS/HRA systems.",30417419,27354059,35545013,35767153,33252691,38886653,40413335,49566065,67297348,59510435,DATA PROCESSING EQUIPMENT MAINTENANCE (29%); PROF SERV COMPUTER SERVICES (25%); CONTRACTUAL SERVICES GENERAL (21%); DATA PROCESSING SUPPLIES (10%); BOOKS-OTHER (5%); PROF SERV OTHER (4%); TELECOMMUNICATIONS MAINT (3%); MENTAL HYGIENE SERVICES (1%); OFFICE EQUIPMENT MAINTENANCE (0%); EXPENSE ONLY FUNDED SBITA (0%),"SHI INTERNATIONAL CORP (12%); CONVERGEONE GOVERNMENT SOLUTIONS LLC (10%); PUBLIC HEALTH SOLUTIONS (8%); Accenture Federal Services, LLC (6%); CDW GOVERNMENT LLC (5%); PRUTECH SOLUTIONS, INC (4%); RCI TECHNOLOGIES INC (4%); Planned Systems International, Inc. (3%); MASON TECHNOLOGIES INC (2%); ManpowerGroup Public Sector, Inc. (2%)",25.0
1084,INFORMATION TECHNOLOGY-OTPS,Digital,"IT Operations: DSNY IT - All IT vendors: CDW ($3.3M), Newcom Wireless, QAT, World Wide Tech, Rangam staffing.",6113848,10305833,12222351,7919075,8485996,7980302,9782763,7810048,9152670,10556172,DATA PROCESSING SUPPLIES (58%); PROF SERV COMPUTER SERVICES (10%); PURCH DATA PROCESSING EQUIPT (9%); CONTRACTUAL SERVICES GENERAL (9%); RENTALS OF MISC.EQUIP (5%); DATA PROCESSING SERVICES (5%); BOOKS-OTHER (2%); TELECOMMUNICATIONS MAINT (1%); EQUIPMENT GENERAL (1%); SUPPLIES + MATERIALS - GENERAL (0%),CDW GOVERNMENT LLC (17%); WORLD WIDE TECHNOLOGY LLC (15%); SHI INTERNATIONAL CORP (12%); KONICA MINOLTA BUSINESS SOLUTIONS USA INC (8%); MASON TECHNOLOGIES INC (7%); COMPULINK TECHNOLOGIES INC (6%); ITEGIX LLC (4%); RANGAM CONSULTANTS INC (3%); ZAASS LLC (3%); K SYSTEMS SOLUTIONS LLC (3%),10.0
1150,INFORMATION TECHNOLOGY,Digital,"IT Operations: Multi-agency IT - CDW ($8.8M), SHI, World Wide Tech. Mix of vendors + ops but IT-focused.",14344248,17701244,17941401,18190150,19312656,18052767,19580252,19144233,11454888,12523932,PURCH DATA PROCESSING EQUIPT (30%); DATA PROCESSING SUPPLIES (30%); Payroll Summary (22%); CONTRACTUAL SERVICES GENERAL (8%); DATA PROCESSING EQUIPMENT MAINTENANCE (7%); OFFICE EQUIPMENT MAINTENANCE (1%); TELEPHONE & OTHER COMMUNICATNS (0%); TEMPORARY SERVICES (0%); OTHR SERV AND CHRGS-GENERAL (0%); DATA PROCESSING SERVICES (0%),"CDW GOVERNMENT LLC (40%); DEPT. OF BUSINESS P.S. (19%); SHI INTERNATIONAL CORP (10%); WORLD WIDE TECHNOLOGY LLC (7%); Oakland Consulting Group, Inc. (3%); MICROSOFT CORPORATION (3%); EXEC ADM & PLANN MGT. (3%); THE REMI GROUP LLC (2%); COMPULINK TECHNOLOGIES INC (1%); DELL MARKETING LP (1%)",0.0
0104,MANAGEMENT INFORMATION SERVICE,Mixed,"IT Operations: ACS MIS - Fast Enterprises ($8.4M gov software), Tyler Tech, Vision Gov Solutions, CDW. Real IT!",8211171,9410456,10403234,14869525,13603876,15911190,11696705,24641740,18904751,18333385,MAINT & REP GENERAL (56%); Payroll Summary (38%); OTHR SERV AND CHRGS-GENERAL (2%); CONTRACTUAL SERVICES GENERAL (1%); PURCH DATA PROCESSING EQUIPT (1%); PROF SERV COMPUTER SERVICES (1%); TRAINING PRGM CITY EMPLOYEES (1%); RENTALS OF MISC.EQUIP (0%); BOOKS-OTHER (0%); PROMPT PAYMENT INTEREST (0%),"PERSONAL SERVICES (38%); FAST ENTERPRISES LLC (24%); TYLER TECHNOLOGIES INC (18%); VISION GOVERNMENT SOLUTIONS INC (5%); CDW GOVERNMENT LLC (4%); WORLD WIDE TECHNOLOGY LLC (2%); MICROSOFT CORPORATION (2%); GARTNER INC (1%); SHI INTERNATIONAL CORP (1%); NEXUS CONSORTIUM, INC. (1%)",1.0
0702,INFORMATION SYSTEMS,Mixed,"IT Operations: Comptroller IT - Peraton ($3.6M fed contractor), REI Systems (gov IT), World Wide Tech, QAT.",5804354,5660048,6165316,7617687,7193842,7066821,7166371,9957520,8211329,9349974,DATA PROCESSING EQUIPMENT MAINTENANCE (53%); Payroll Summary (35%); DATA PROCESSING SUPPLIES (7%); PROF SERV COMPUTER SERVICES (2%); OTHR SERV AND CHRGS-GENERAL (1%); LEASING OF DATA PROC EQUIP (1%); BOOKS-OTHER (0%); PRINTING CONTRACTS (0%); TRAINING PRGM CITY EMPLOYEES (0%); CLEANING SERVICES (0%),"FIRST DEPUTY COMPT-PS (35%); PERATON INC (24%); REI SYSTEMS, INC. (24%); WORLD WIDE TECHNOLOGY LLC (3%); GARTNER INC (2%); SHI INTERNATIONAL CORP (1%); DELL MARKETING LP (1%); K SYSTEMS SOLUTIONS LLC (1%); Storage Horse LLC (1%); COMPULINK TECHNOLOGIES INC (1%)",2.0
1054,MANAGEMENT INFORMATION SERVICE,Digital,"IT Operations: DEP MIS - CDW ($9M), Infor Public Sector (gov ERP), World Wide Tech, e-Builder (construction mgmt).",13275590,7742478,12155966,11682702,8735162,8997981,12418180,14826768,21690161,20798941,DATA PROCESSING EQUIPMENT MAINTENANCE (93%); Payroll Summary (6%); DATA PROCESSING SUPPLIES (0%); SUPPLIES + MATERIALS - GENERAL (0%); TRAINING PRGM CITY EMPLOYEES (0%); OFFICE FURNITURE (0%); PURCH DATA PROCESSING EQUIPT (0%); OFF SVC-MEMBERSHIP DUES & FEES (0%); BOOKS-OTHER (0%); RENTALS OF MISC.EQUIP (0%),"WORLD WIDE TECHNOLOGY LLC (27%); CDW GOVERNMENT LLC (23%); EXECUTIVE AND OPERATIONS SUPPORT (6%); METROPOLITAN OFFICE & COMPUTER SUPPLIES INC (5%); N/A (PRIVACY/SECURITY) (5%); MICROSOFT CORPORATION (5%); INFOR PUBLIC SECTOR, INC. (5%); SHI INTERNATIONAL CORP (4%); DYNTEK SERVICES INC (4%); COMPULINK TECHNOLOGIES INC (3%)",0.0
6633,MANAGEMENT INFORMATION SYSTEM,Digital,"IT Operations: ACS MIS - Quality Assurance Tech, Xerox, Unique Comp, SHI, World Wide Tech. All IT vendors.",5257454,4789884,8970344,6818745,5003018,6364278,6355551,10561317,9057317,8879039,PROF SERV COMPUTER SERVICES (46%); DATA PROCESSING EQUIPMENT MAINTENANCE (35%); OTHR SERV AND CHRGS-GENERAL (8%); CONTRACTUAL SERVICES GENERAL (6%); RENTAL-DATA PROCESSING EQUIP (5%); TRAINING PRGM CITY EMPLOYEES (0%),UNIQUE COMP INC (10%); TNT STAFFING LLC (9%); NYC IT INC (7%); INFOPEOPLE CORPORATION (7%); COMPULINK TECHNOLOGIES INC (6%); WORLD WIDE TECHNOLOGY LLC (6%); XEROX CORPORATION (5%); MICROSOFT CORPORATION (5%); MYTHICS LLC (4%); SHI INTERNATIONAL CORP (4%),46.0
3200,IU - MAINFRAME,Digital,"IT Operations: DoITT Infrastructure Unit Mainframe - IBM ($7.8M), SHI, Kyndryl ($3M IBM spinoff). Mainframe ops.",15714937,11741391,21357633,15534025,13741582,14359119,18265835,16170453,16231719,18151521,DATA PROCESSING EQUIPMENT MAINTENANCE (61%); Payroll Summary (27%); PROF SERV COMPUTER SERVICES (11%); CONTRACTUAL SERVICES GENERAL (1%); OTHR SERV AND CHRGS-GENERAL (0%),SHI INTERNATIONAL CORP (34%); INTERNATIONAL BUSINESS MACHINES CORP (23%); TECHNOLOGY SERVICES - PS (13%); KYNDRYL INC (12%); EXECUTIVE ADMINISTRATIVE (6%); DESIGN & ENGINEERING PS (4%); ASSET MANAGEMENT-PUBLIC FACILITIES (2%); SAS INSTITUTE INC. (2%); PRECISELY SOFTWARE INCORPORATED (1%); PERSONAL SERVICES (1%),11.0
8100,CITYWIDE SUPPORT,Digital,"IT Operations: Citywide Support - MTX B2B ($11M IT reseller), CDW, Prutech Solutions. Majority IT support services.",27396028,12166033,6084878,37493166,18035293,26875592,7436508,23559291,15918246,8118252,Payroll Summary (44%); CONTRACTUAL SERVICES GENERAL (23%); DATA PROCESSING EQUIPMENT MAINTENANCE (21%); OTHR SERV AND CHRGS-GENERAL (8%); PROF SERV OTHER (2%); PROF SERV COMPUTER SERVICES (2%); SUPPLIES + MATERIALS - GENERAL (0%); DATA PROCESSING SERVICES (0%); EQUIPMENT GENERAL (0%); PURCH DATA PROCESSING EQUIPT (0%),"CITYWIDE FLEET SERVICES (27%); DELL MARKETING LP (19%); TECHNOLOGY SERVICES - PS (17%); SHI INTERNATIONAL CORP (11%); INTERNATIONAL BUSINESS MACHINES CORP (5%); INNOVATIVE BUSINESS CONCEPTS,INC (5%); CDW GOVERNMENT LLC (3%); MICROSOFT CORPORATION (3%); NEIGHBORHOOD RESTORE HOUSING DEVELOPMENT FUND CORPORATION (3%); PRUTECH SOLUTIONS, INC (2%)",2.0
3400,IU - NETWORK OPERATIONS,Digital,"IT Operations: DoITT IU Network Operations - World Wide Tech ($8M), CDW ($1.9M), personnel. Network infrastructure.",12034333,13329185,13613237,10984844,11434907,11507474,8161739,15699052,11105824,10831128,DATA PROCESSING EQUIPMENT MAINTENANCE (52%); PAY TO CULTURAL INSTITUTIONS (24%); Payroll Summary (22%); ADVERTISING (1%); PROF SERV COMPUTER SERVICES (1%); MAINT & REP GENERAL (0%); DATA PROCESSING SUPPLIES (0%); PRINTING SUPPLIES (0%); EQUIPMENT GENERAL (0%); PROF SERV OTHER (0%),WORLD WIDE TECHNOLOGY LLC (40%); DESIGN & ENGINEERING PS (18%); COMPULINK TECHNOLOGIES INC (10%); BROOKLYN ARTS COUNCIL INC (7%); LOWER MANHATTAN CULTURAL COUNCIL INC (7%); BRONX COUNCIL ON THE ARTS INC (5%); NEW YORK FOUNDATION FOR THE ARTS (3%); COUNCIL ON THE ARTS & HUMANITIES FOR STATEN ISLAND (2%); EXECUTIVE ADMINISTRATIVE (2%); PERSONAL SERVICES (1%),1.0
6121,INFORMATION TECHNOLOGY,Digital,"IT Operations: DOHMH IT - Quality Assurance Tech, World Wide Tech, Routerati, Storage Horse. All IT vendors.",831654,989328,814937,881635,705971,1081181,1144005,1149847,1064905,1752887,MAINT & REP GENERAL (41%); DATA PROCESSING EQUIPMENT MAINTENANCE (20%); BOOKS-OTHER (16%); DATA PROCESSING SUPPLIES (12%); PURCH DATA PROCESSING EQUIPT (4%); Payroll Summary (4%); CONTRACTUAL SERVICES GENERAL (1%); RENTALS OF MISC.EQUIP (0%); TELECOMMUNICATIONS EQUIPMENT (0%); OTHR SERV AND CHRGS-GENERAL (0%),QUALITY AND ASSURANCE TECHNOLOGY CORP (34%); AVENUES INTERNATIONAL INC (20%); WORLD WIDE TECHNOLOGY LLC (13%); SPRUCE TECHNOLOGY INC (9%); Storage Horse LLC (4%); AGENCYWIDE OPERATIONS - PS (4%); THE REMI GROUP LLC (2%); COMPULINK TECHNOLOGIES INC (2%); TOSHIBA AMERICA BUSINESS SOLUTIONS INC (2%); Hewlett Packard Enterprise (2%),0.0
3330,ACRIS,Digital,"IT Operations: ACRIS (Automated City Register Info System) - CDW ($14M = 80%), World Wide Tech, SHI, Mythics. 90% IT vendors.",988906,1580736,6262796,6829082,7915406,7246711,4261280,8227736,16687034,15316196,DATA PROCESSING EQUIPMENT MAINTENANCE (91%); Payroll Summary (6%); PROF SERV COMPUTER SERVICES (2%); MAINT & REP GENERAL (1%); OTHR SERV AND CHRGS-GENERAL (0%),CDW GOVERNMENT LLC (73%); WORLD WIDE TECHNOLOGY LLC (13%); EXECUTIVE ADMINISTRATIVE (6%); DELL MARKETING LP (4%); MICROSOFT CORPORATION (3%); THE REMI GROUP LLC (1%); MYTHICS LLC (0%); Mola Group Corp (0%); MADCAP SOFTWARE INC (0%); COMPULINK TECHNOLOGIES INC (0%),2.0
3350,IT OPERATION,Mixed,"IT Operations: DoITT IT Operations - SHI ($3.4M), Mythics, CDW. Despite KS Engineers, majority is IT vendors.",18572558,17175612,7174660,7529948,7800631,8774374,7847630,12487348,4705893,4113978,CONTRACTUAL SERVICES GENERAL (55%); DATA PROCESSING EQUIPMENT MAINTENANCE (39%); Payroll Summary (4%); PROF SERV COMPUTER SERVICES (2%); PURCH DATA PROCESSING EQUIPT (0%); DATA PROCESSING SUPPLIES (0%); TELECOMMUNICATIONS EQUIPMENT (0%); SUPPLIES + MATERIALS - GENERAL (0%); OTHR SERV AND CHRGS-GENERAL (0%),KS ENGINEERS P C (48%); SHI INTERNATIONAL CORP (23%); RAJ SOMAS (5%); Mola Group Corp (5%); COMPULINK TECHNOLOGIES INC (5%); MYTHICS LLC (5%); TECHNOLOGY SERVICES - PS (4%); CDW GOVERNMENT LLC (2%); DELL MARKETING LP (1%); ISLAND COMPUTER PRODUCTS INC (1%),2.0
6823,INFORMATION TECHNOLOGY,Digital,"IT Operations: DPR (Parks) IT - Small but 100% IT vendors: SHI, CDW, Gartner, World Wide Tech, Dell.",0,75333,635957,660407,834602,1653029,1105418,1874876,2321420,1598165,EXPENSE ONLY FUNDED SBITA (38%); DATA PROCESSING SUPPLIES (30%); CONTRACTUAL SERVICES GENERAL (8%); MAINT & REP GENERAL (8%); PROF SERV COMPUTER SERVICES (7%); RENTALS OF MISC.EQUIP (6%); TELECOMMUNICATIONS EQUIPMENT (2%); PURCH DATA PROCESSING EQUIPT (1%); TELECOMMUNICATIONS MAINT (0%); PRINTING CONTRACTS (0%),"CDW GOVERNMENT LLC (29%); SHI INTERNATIONAL CORP (12%); MICROSOFT CORPORATION (8%); PERFECTMIND INC (7%); XEROX CORPORATION (7%); AMERICAN COMPUTER CONSULTANTS INC (6%); DELL MARKETING LP (5%); MAUREEN DATA SYSTEMS, INC. (5%); Source IT Technologies, LLC (4%); WORLD WIDE TECHNOLOGY LLC (3%)",45.0
3204,IU MAINFRAME - I/C,Digital,"IT Operations: IU (Infrastructure Unit) mainframe intercompany charges - 100% IT vendors: IBM (41%), Dell (31%), SHI, Computer Corp of America.",10287242,7601997,11141046,11967004,8784599,12405177,12436800,13291534,12206679,14282573,DATA PROCESSING EQUIPMENT MAINTENANCE (88%); Payroll Summary (9%); PROF SERV COMPUTER SERVICES (3%),"INTERNATIONAL BUSINESS MACHINES CORP (40%); DELL MARKETING LP (28%); SHI INTERNATIONAL CORP (17%); TECHNOLOGY SERVICES - PS (9%); SAS INSTITUTE INC. (3%); HITACHI ENERGY USA INC (2%); LEVI, RAY & SHOUP, INC. (0%); PK WARE INC (0%); CHICAGO SOFT LTD (0%)",3.0
0017,CONSOLIDATIONS,Digital,"IT Operations: 100% IT vendors: CDW (68%), SHI (23%), Kambrian, Mythics, Compulink. All digital services despite vague code name.",2645808,2242860,379076,5178444,2410673,982379,5456701,3201349,2461470,2646336,MAINT & REP GENERAL (96%); OTHR SERV AND CHRGS-GENERAL (4%); PROMPT PAYMENT INTEREST (0%),CDW GOVERNMENT LLC (66%); SHI INTERNATIONAL CORP (25%); COMPULINK TECHNOLOGIES INC (6%); MYTHICS LLC (3%); APPLIED IMAGERY LLC (0%),0.0
3307,TECHNOLOGY DEVELOPMENT & SYSTEMS,Digital,"IT Operations: Tech development - 100% major IT vendors: CDW (24%), SHI (20%), World Wide Tech (10%), Prutech, Mythics. Clear digital services.",13122833,13849813,21095990,17428419,22476979,24479349,33911721,30719021,33197451,32954946,DATA PROCESSING EQUIPMENT MAINTENANCE (67%); PROF SERV COMPUTER SERVICES (16%); EDUCATION & REC FOR YOUTH PRGM (13%); DATA PROCESSING SUPPLIES (3%); PURCH DATA PROCESSING EQUIPT (1%); EQUIPMENT GENERAL (1%); PROMPT PAYMENT INTEREST (0%); TRAINING PRGM CITY EMPLOYEES (0%),"CDW GOVERNMENT LLC (25%); PRUTECH SOLUTIONS, INC (15%); SHI INTERNATIONAL CORP (13%); WORLD WIDE TECHNOLOGY LLC (7%); COMPULINK TECHNOLOGIES INC (6%); MYTHICS LLC (6%); RISING GROUND INC (6%); JP MORGAN CHASE BANK NA (3%); SANSIO INC (3%); ACCENTURE LLP (3%)",16.0
3800,IT SECURITY,Digital,"IT Operations: IT security - Major IT vendors: CDW (13%), SHI (8%), Spruce Tech, CNC Consulting, plus Tech Services PS. Clear digital services.",26671837,28910346,31745853,32215172,37427514,32878697,43517702,45539921,41718328,45794180,PAY TO CULTURAL INSTITUTIONS (70%); DATA PROCESSING EQUIPMENT MAINTENANCE (20%); Payroll Summary (7%); PROF SERV COMPUTER SERVICES (2%); PROF SERV OTHER (1%); CONTRACTUAL SERVICES GENERAL (0%); PROMPT PAYMENT INTEREST (0%),"CDW GOVERNMENT LLC (13%); SHI INTERNATIONAL CORP (9%); TECHNOLOGY SERVICES - PS (7%); CNC CONSULTING INC (0%); COMPULINK TECHNOLOGIES INC (0%); INTREPID MUSEUM FOUNDATION INC (0%); METROPOLITAN OPERA ASSOCIATION, INC (0%); ST LUKES CHAMBER ENSEMBLE INC (0%); NEW YORK FOUNDATION FOR THE ARTS (0%); MINDBUILDERS CREATIVE ARTS INC (0%)",2.0
4470,QUEENS TRAFFIC ENFORCEMENT,Digital,"IT Operations: DOT Traffic Enforcement IT - Despite name, 100% IT vendors: CDW (33%), Universal Tech (16%), Quality & Assurance (10%), Itegix, Riomar.",2606879,1112738,9232,0,0,0,0,3952695,1686663,24647,DATA PROCESSING EQUIPMENT MAINTENANCE (82%); PROF SERV COMPUTER SERVICES (17%); PROMPT PAYMENT INTEREST (0%),CDW GOVERNMENT LLC (83%); 22ND CENTURY TECHNOLOGIES INC (17%),17.0
7390,BUR BUD & CONTRACT MNGMT,Digital,"IT Operations: Bureau of Budget & Contract Management - 100% IT vendors: CDW (26%), World Wide Tech (17%), SVAM (8%), Clutch Solutions (8%), Gartner (5%).",0,1869780,1450372,4417372,2272296,1230193,1206950,1638727,1807729,1633804,DATA PROCESSING SUPPLIES (73%); DATA PROCESSING EQUIPMENT MAINTENANCE (19%); PROF SERV COMPUTER SERVICES (6%); PURCH DATA PROCESSING EQUIPT (1%); OTHR SERV AND CHRGS-GENERAL (1%); BOOKS-OTHER (0%),CDW GOVERNMENT LLC (24%); WORLD WIDE TECHNOLOGY LLC (17%); GARTNER INC (6%); Visionaryz Inc (6%); THE REMI GROUP LLC (6%); SHI INTERNATIONAL CORP (4%); ABRAHAMS CONSULTING LLC (4%); ENVIRONMENTAL SYSTEMS RESEARCH INSTITUTE INC (4%); DLT SOLUTIONS LLC (3%); ImageWork USA LLC (3%),6.0
3851,STRATEGIC INITIATIVES,Mixed,"IT Operations: Strategic initiatives - 100% IT vendors: CNC Consulting (40%), Gartner (40%), Unique Comp (13%), CDW (5%). Clear digital services.",0,0,0,0,0,0,0,43833,433234,4127954,Payroll Summary (60%); PROF SERV OTHER (40%); OTHR SERV AND CHRGS-GENERAL (0%); TRAINING PRGM CITY EMPLOYEES (0%); DATA PROCESSING EQUIPMENT MAINTENANCE (0%),TECHNOLOGY SERVICES - PS (60%); DELOITTE CONSULTING LLP (35%); KPMG LLP (5%); COMPULINK TECHNOLOGIES INC (0%); LEARNING TREE INTERNATIONAL USA INC (0%); DELL MARKETING LP (0%),0.0
9195,OFFICE OF INFORMATION TECHNOLOGY,Digital,"IT Operations: Office of Information Technology - 84% to IT vendors: CDW (63%), RELX (8%), World Wide Tech (6%), SHI (3%). Clear digital services.",52265,95247,107949,304783,31091,245637,1751049,5720504,5866198,5913483,DATA PROCESSING EQUIPMENT MAINTENANCE (53%); CONTRACTUAL SERVICES GENERAL (15%); BOOKS-OTHER (10%); OTHR SERV AND CHRGS-GENERAL (6%); EXPENSE ONLY FUNDED SBITA (6%); DATA PROCESSING SUPPLIES (3%); PROF SERV OTHER (3%); PURCH DATA PROCESSING EQUIPT (2%); TELECOMMUNICATIONS MAINT (1%); SUPPLIES + MATERIALS - GENERAL (0%),CDW GOVERNMENT LLC (42%); WORLD WIDE TECHNOLOGY LLC (14%); SAVANT FINANCIAL TECHNOLOGIES INC (9%); SECURITY MANAGEMENT SYSTEMS INC (6%); FUND FOR PUBLIC HEALTH IN NEW YORK INC (6%); ABT ASSOCIATES INC (6%); RELX INC (5%); COMPULINK TECHNOLOGIES INC (2%); SHI INTERNATIONAL CORP (2%); MASON TECHNOLOGIES INC (1%),6.0
9580,PUBLIC ENGAGEMENT AOTPS,Digital,"IT Operations: Public Engagement OTPS - 63% to IT vendors: Prutech Solutions (20%), SHI (15%), CDW (15%), Universal Technologies (8%). Clear digital services.",340646,1422913,5095954,3227807,3372374,4759479,5825713,3026223,3735439,5415029,PROF SERV COMPUTER SERVICES (41%); BOOKS-OTHER (26%); DATA PROCESSING EQUIPMENT MAINTENANCE (12%); ADVERTISING (12%); PURCH DATA PROCESSING EQUIPT (5%); SUPPLIES + MATERIALS - GENERAL (3%); EXPENSE ONLY FUNDED SBITA (1%); OTHR SERV AND CHRGS-GENERAL (0%); DATA PROCESSING SUPPLIES (0%); OFFICE EQUIPMENT MAINTENANCE (0%),"SHI INTERNATIONAL CORP (25%); PRUTECH SOLUTIONS, INC (19%); CDW GOVERNMENT LLC (12%); UNIVERSAL TECHNOLOGIES, LLC (8%); CREATIVE JUGOS LLC (6%); COMPULINK TECHNOLOGIES INC (6%); ENTERPRISE PEOPLE INC (5%); RCI TECHNOLOGIES INC (4%); ZEBRA STRATEGIES (3%); ManpowerGroup Public Sector, Inc. (3%)",42.0
DLAN,FISA-OPA SHARED SYSTEMS DATA CENTER LAN,Digital,"IT Operations: Data center LAN for FISA-OPA shared systems - 100% IT vendors: CDW (57%), SHI (28%), Dell (8%), World Wide Tech (7%). Clear digital services.",0,0,0,0,0,0,0,1416360,2420041,1635896,CAPITAL PURCHASED EQUIPMENT (100%),Mola Group Corp (100%),0.0
E012,HURRICANE SANDY CONDUIT PROJECT,Digital,"IT Operations: Hurricane Sandy IT infrastructure recovery - 92% IT vendors: CDW (49%), Mason Technologies (23%), SHI (16%), World Wide Tech (4%). Clear digital services.",974691,34474,685932,1056644,1321745,5306963,1183642,6916576,6713849,6682037,SUPPLIES + MATERIALS - GENERAL (80%); DATA PROCESSING EQUIPMENT MAINTENANCE (16%); MAINT & REP GENERAL (3%); MAINTENANCE SUPPLIES (2%); PROMPT PAYMENT INTEREST (0%),"MASON TECHNOLOGIES INC (86%); SHI INTERNATIONAL CORP (6%); ANIXTER INC (3%); PURVIS SYSTEMS, INCORPORATED (3%); GRANT INT'L CO INC GRANT ELECTRICAL SUPPLIES (2%); WW GRAINGER INC (0%); FASTENAL COMPANY (0%)",0.0
FDT1,OFFICE OF TECHNOLOGY AND INNOVATION,Digital,"IT Operations: Office of Technology and Innovation - 90% IT vendors: CDW (72%), SHI (10%), Gandiva Networks (8%). Clear digital services.",0,0,0,0,0,0,0,48160597,4221996,2645157,CAPITAL PURCHASED EQUIPMENT (100%),"CDW GOVERNMENT LLC (48%); RANGAM CONSULTANTS INC (16%); OPTINET COMMUNICATIONS INC (11%); Visionaryz Inc (9%); STRATFORD SOLUTIONS INC (9%); AMMALUIT CORP (5%); AZH CONSTRUCTION & CONSULTING CORP (1%); GANDIVA NETWORKS, INC. (0%)",0.0
0239,BWS BIT FUNDING,Digital,"IT Operations: Bureau Water Supply Business Intelligence Technology - Small budget ($136K), 100% IT vendors (Metropolitan Office, Compulink, Maureen Data, Empire Electronics). Clear digital services.",0,0,0,0,0,0,0,110338,136209,108315,DATA PROCESSING SUPPLIES (48%); PURCH DATA PROCESSING EQUIPT (36%); DATA PROCESSING EQUIPMENT MAINTENANCE (15%); SUPPLIES + MATERIALS - GENERAL (1%),"MAUREEN DATA SYSTEMS, INC. (18%); METROPOLITAN OFFICE & COMPUTER SUPPLIES INC (18%); CORPORATE COMPUTER SOLUTIONS INC (17%); CARE SECURITY SYSTEMS INC (14%); SHI INTERNATIONAL CORP (13%); EMPIRE ELECTRONICS INC (10%); NYC IT INC (6%); COMPULINK TECHNOLOGIES INC (4%)",0.0
4648,GE CENTRAL MANAGED SCH SUPP,Mixed,"DOE GE Central Managed School Support - 35% personnel, but $57M telecom (Crown Castle, Manhattan Telecom, Verizon).",187576453,206654910,237121154,252757119,223732013,183277906,171472706,170438538,200109820,266450893,Payroll Summary (30%); TELEPHONE & OTHER COMMUNICATNS (19%); PROF SERV DIRECT EDUC SERV (13%); PROF SERV CURRIC & PROF DEVEL (7%); SUPPLIES + MATERIALS - GENERAL (6%); OTHR SERV AND CHRGS-GENERAL (6%); PROF SERV OTHER (6%); TELECOMMUNICATIONS MAINT (4%); PROF SERV COMPUTER SERVICES (3%); PRINTING CONTRACTS (2%),"GE INSTR & SCH LEADERSHIP - PS (30%); CROWN CASTLE FIBER LLC (13%); MANHATTAN TELECOMMUNICATIONS CORPORATION (3%); THE REMI GROUP LLC (3%); NEW YORK CITY BOARD OF EDUCATION (3%); GOOD SHEPHERD SERVICES (2%); COLLEGE BOARD (2%); VERIZON BUSINESS NETWORK SERVICES LLC (2%); PRUTECH SOLUTIONS, INC (2%); VANGUARD DIRECT INC (2%)",3.0
7719,DIIT,Mixed,"DIIT (DOE Div of Instructional & Info Tech) - 51% personnel, but $46M real IT: Presidio, CDW, SHI, Dell.",50813284,42407484,42795076,37364588,52449398,45790741,75453178,64269026,64507829,147303449,Payroll Summary (30%); SUPPLIES + MATERIALS - GENERAL (29%); PROF SERV COMPUTER SERVICES (28%); DATA PROCESSING EQUIPMENT MAINTENANCE (10%); TELEPHONE & OTHER COMMUNICATNS (2%); EQUIPMENT GENERAL (1%); TEMPORARY SERVICES (0%); OTHR SERV AND CHRGS-GENERAL (0%); TELECOMMUNICATIONS MAINT (0%); PROF SERV CURRIC & PROF DEVEL (0%),"CENTRAL ADMINISTRATION - PS (30%); CDW GOVERNMENT LLC (15%); NAGARRO INC (10%); PRESIDIO NETWORKED SOLUTIONS GROUP LLC (9%); PRUTECH SOLUTIONS, INC (6%); NTT DATA AMERICAS INC (5%); GOVCONNECTION INC (4%); SHI INTERNATIONAL CORP (4%); AGILANT SOLUTIONS INC (3%); DELL MARKETING LP (2%)",28.0
0901,TECHNOLOGY STRATEGY,Mixed,"Technology Strategy - 69% personnel/admin (Juvenile Justice PS 29%, Personal Services 20%, Admin 20%), but 30% IT vendors (Accenture 19%, Ivalua 11%). Mixed.",28950621,33394636,36376538,56599498,63398451,54645011,55129023,56269684,61600024,65123388,Payroll Summary (84%); PROF SERV COMPUTER SERVICES (10%); CONTRACTUAL SERVICES GENERAL (5%); DATA PROCESSING SUPPLIES (1%); PURCH DATA PROCESSING EQUIPT (0%); OFFICE EQUIPMENT (0%); NON OVERNIGHT TRVL EXP-GENERAL (0%); NON OVERNIGHT TRVL EXP-SPECIAL (0%); SUPPLIES + MATERIALS - GENERAL (0%); BOOKS-OTHER (0%),JUVENILE JUSTICE - PS (37%); ADMINISTRATION (26%); PERSONAL SERVICES (21%); ACCENTURE LLP (9%); Ivalua Inc (4%); COMPULINK TECHNOLOGIES INC (1%); GENESYS CONSULTING SERVICES INC (1%); WORLD WIDE TECHNOLOGY LLC (1%); SHI INTERNATIONAL CORP (0%); FURNITURE PRO CORP (0%),10.0
C481,CRRSA FOR SCHOOLS,Mixed,"CRRSA COVID relief for schools - 11% personnel, rest mixed: OverDrive digital library (10%), SHI (6%), Public Consulting (5%), social services. Mixed.",0,0,0,0,0,0,264505406,311122280,38774137,230250,PROF SERV CURRIC & PROF DEVEL (85%); PROF SERV DIRECT EDUC SERV (6%); NON OVERNIGHT TRVL EXP-GENERAL (4%); TRANSP OF PUPILS-NYCTA (2%); Payroll Summary (2%),NYC FIRST INC (85%); NATIONAL DANCE INSTITUTE INC (6%); LONG ISLAND UNIVERSITY (3%); S & J TOUR & BUS INC (2%); CATEGORICAL PROGRAMS - PS (2%); LEHMAN COLLEGE AUXILIARY ENTERPRISE CORP INC (1%),0.0
1602,R I TELECOMMUNICATIONS,Mixed,"Rikers Island Telecom - Securus ($4M prison phones), Remi (security), CDW. Mixed prison/IT services.",6574713,6545107,10193578,12845024,12010751,12823299,20444099,15947624,18244588,18918732,CHILD WELFARE SERVICES (23%); OTHR SERV AND CHRGS-GENERAL (21%); TELECOMMUNICATIONS MAINT (18%); EQUIPMENT GENERAL (17%); CONTRACTUAL SERVICES GENERAL (8%); PURCH DATA PROCESSING EQUIPT (8%); Payroll Summary (2%); OFFICE EQUIPMENT MAINTENANCE (2%); PROF SERV COMPUTER SERVICES (1%); PRINTING SUPPLIES (1%),CDW GOVERNMENT LLC (21%); SECURUS TECHNOLOGIES LLC (21%); WOODS SERVICES INC (16%); THE REMI GROUP LLC (10%); WORLD WIDE TECHNOLOGY LLC (4%); ROUTERATI INC (4%); HILLCREST EDUCATIONAL CENTERS INC (4%); SHI INTERNATIONAL CORP (2%); THE DEVEREUX FOUNDATION (2%); COMPULINK TECHNOLOGIES INC (2%),1.0
5000,CITYTIME,Mixed,"CityTime timekeeping system - 35% personnel (Admin-PS, Exec Admin), but 42% to IT vendors (IBM 20%, Mythics 7%, CDW 7%). Mixed spending.",7812380,9476578,8432725,6999432,7675050,9088125,9616196,8082340,9510373,9341445,DATA PROCESSING EQUIPMENT MAINTENANCE (54%); Payroll Summary (44%); PROF SERV COMPUTER SERVICES (2%); BOOKS-OTHER (0%); DATA PROCESSING SUPPLIES (0%); CONTRACTUAL SERVICES GENERAL (0%); TEMPORARY SERVICES (0%); TRAVELING EXPENSES (0%); OVERNIGHT TRVL EXP-SPECIAL (0%); NON OVERNIGHT TRVL EXP-SPECIAL (0%),INTERNATIONAL BUSINESS MACHINES CORP (36%); ADMINISTRATION-PERSONNEL (33%); MYTHICS LLC (10%); EXECUTIVE ADMINISTRATIVE (6%); AGENCYWIDE OPERATIONS - PS (4%); SHI INTERNATIONAL CORP (3%); ORION SYSTEMS INTEGRATORS LLC (2%); CDW GOVERNMENT LLC (2%); RAJ SOMAS (2%); COMPULINK TECHNOLOGIES INC (1%),2.0
0406,OTPS-OMB,Mixed,"OMB OTPS - 55% personnel (shelter/juvenile justice), Motorola ($1M), security. Overhead, unclear.",4376315,5540665,6020539,6323174,6876536,9768763,9233414,8582758,8855781,7881115,Payroll Summary (72%); DATA PROCESSING EQUIPMENT MAINTENANCE (7%); EQUIPMENT GENERAL (4%); OTHR SERV AND CHRGS-GENERAL (3%); BOOKS-OTHER (2%); SECURITY SERVICES (2%); CONTRACTUAL SERVICES GENERAL (2%); SUPPLIES + MATERIALS - GENERAL (2%); PROF SERV OTHER (1%); MAINT & REP GENERAL (1%),"SHELTER INTAKE AND PROGRAM - PS (59%); JUVENILE JUSTICE - PS (12%); JP MORGAN CHASE BANK NA (3%); MICROSOFT CORPORATION (2%); FJC SECURITY SERVICES INC (2%); ATLANTIC TACTICAL INC (1%); LANGUAGE LINE SERVICES, INC. (1%); WORLD WIDE TECHNOLOGY LLC (1%); IHS GLOBAL INC (1%); CDW GOVERNMENT LLC (1%)",0.0
9904,HHS-CONNECT OTPS,Mixed,"HHS-Connect system - 67% IT vendors (CDW 53%, InfoPeople 8%, Mythics 6%), but 20% Forest City Jay St (real estate lease for data center?). Mixed.",7397493,6182148,6608999,6852448,6669575,6360062,6890778,4831976,5155852,5537420,DATA PROCESSING EQUIPMENT MAINTENANCE (62%); RENTALS - LAND BLDGS & STRUCTS (20%); PROF SERV COMPUTER SERVICES (7%); EXPENSE ONLY FUNDED SBITA (6%); BOOKS-OTHER (3%); PROF SERV OTHER (1%); DATA PROCESSING SUPPLIES (1%); PURCH DATA PROCESSING EQUIPT (0%); PROMPT PAYMENT INTEREST (0%),CDW GOVERNMENT LLC (54%); FOREST CITY JAY STREET ASSOCIATES LLC (20%); WORLD WIDE TECHNOLOGY LLC (6%); SHI INTERNATIONAL CORP (5%); ENTERPRISE PEOPLE INC (5%); MYTHICS LLC (4%); INFOPEOPLE CORPORATION (3%); COGENT Infotech Corporation (1%); N/A (PRIVACY/SECURITY) (0%); DASTON CORPORATION (0%),13.0
3510,TELECOM OPERATION,Mixed,"Telecom operations - Mix of carriers (Crown Castle 17%, Verizon 17%, Cablevision 7%), IT vendors (Presidio 12%), and personnel (Gender Equity PS 13%).",8479158,6291369,4554315,5123280,3701803,5788476,4322327,5639837,4161529,3420684,TELEPHONE & OTHER COMMUNICATNS (50%); TELECOMMUNICATIONS MAINT (19%); Payroll Summary (12%); CONTRACTUAL SERVICES GENERAL (9%); DATA PROCESSING EQUIPMENT MAINTENANCE (5%); MAINT & REP GENERAL (4%); CLEANING SERVICES (0%); PURCH DATA PROCESSING EQUIPT (0%); DATA PROCESSING SUPPLIES (0%); TELECOMMUNICATIONS EQUIPMENT (0%),AT&T CORP (18%); CROWN CASTLE FIBER LLC (16%); VERIZON BUSINESS NETWORK SERVICES LLC (16%); CELLCO PARTNERSHIP (13%); COMMISSION ON GENDER EQUITY-PS (12%); DMK Partnership LLC (9%); PRESIDIO NETWORKED SOLUTIONS GROUP LLC (4%); THE REMI GROUP LLC (3%); T-MOBILE USA INC (2%); CABLEVISION LIGHTPATH (2%),0.0
0391,ADMINISTRATION SUPPORT,Mixed,"Admin support - 44% personnel (Admin/Ops PS), but 49% to IT vendors (Universal Mgmt Tech 20%, Invision 15%, Gartner 8%, ElectriFAI 6%). Mixed.",0,0,0,0,0,1400744,2098489,1725571,2495948,1690479,Payroll Summary (65%); OTHR SERV AND CHRGS-GENERAL (25%); PROF SERV OTHER (9%); CONTRACTUAL SERVICES GENERAL (1%),ADMIN/OPERATIONS PS (65%); GARTNER INC (20%); INVISION SOURCE LLC (8%); SANGHI CONSUTING INC (3%); BUSINESS LOGIC INCORPORATED (1%); International Data Corporation (1%); DUN & BRADSTREET INC D & B (1%),0.0
4170,MANAGEMENT INFORMATION SYSTEMS,Mixed,"DOT MIS - 41% Traffic Operations (likely personnel), but 59% to IT vendors (World Wide Tech, SHI, CDW, Quality & Assurance). Mixed spending.",1677709,3011721,1664315,4323627,3297607,1316339,2767956,1586405,2000899,1630529,Payroll Summary (45%); DATA PROCESSING EQUIPMENT MAINTENANCE (17%); PURCH DATA PROCESSING EQUIPT (11%); PROF SERV COMPUTER SERVICES (9%); DATA PROCESSING SUPPLIES (7%); TELECOMMUNICATIONS EQUIPMENT (6%); TEMPORARY SERVICES (2%); TRAINING PRGM CITY EMPLOYEES (1%); SUPPLIES + MATERIALS - GENERAL (1%); BOOKS-OTHER (0%),"TRAFFIC OPERATIONS (45%); QUALITY AND ASSURANCE TECHNOLOGY CORP (13%); CDW GOVERNMENT LLC (9%); SHI INTERNATIONAL CORP (8%); TECH BUSINESS PRODUCTS INC (6%); COMPULINK TECHNOLOGIES INC (4%); RIOMAR GROUP VENTURES,INC (3%); K SYSTEMS SOLUTIONS LLC (3%); NEW YORK STATE INDUSTRIES FOR THE DISABLED INC (2%); MAUREEN DATA SYSTEMS, INC. (1%)",9.0
3320,IT SERVICES - NETWORK ARCHITECTURE,Mixed,"IT Services Network Architecture - 42% personnel (PS), but 48% to IT vendors (Presidio 35%, CDW 7%, Tech Services PS 6%). Mixed.",1961157,2462344,2825704,4141253,4323772,4223460,1409243,1357053,1253704,2965534,Payroll Summary (35%); TELEPHONE & OTHER COMMUNICATNS (21%); CONTRACTUAL SERVICES GENERAL (13%); PROF SERV OTHER (12%); DATA PROCESSING EQUIPMENT MAINTENANCE (11%); PROF SERV COMPUTER SERVICES (6%); MAINT & REP GENERAL (2%); DATA PROCESSING SUPPLIES (0%); TAXES AND LICENSES (0%),DESIGN & ENGINEERING PS (33%); CenturyLInk Communications LLC (23%); CDW GOVERNMENT LLC (20%); PRESIDIO NETWORKED SOLUTIONS GROUP LLC (12%); OPTINET COMMUNICATIONS INC (6%); SHI INTERNATIONAL CORP (3%); COMPULINK TECHNOLOGIES INC (1%); PERSONAL SERVICES (1%); TECHNOLOGY SERVICES - PS (1%); DERIVE TECHNOLOGIES LLC (0%),6.0
6915,LAGUARDIA TECHNOLOGY FEES,Mixed,"LaGuardia technology fees - 26% personnel (CC PS), 35% IT vendors (Dell 16%, SHI 7%, Quality & Assurance 6%), 6% Crown Castle. Mixed.",1049753,1029750,937208,968830,1287511,1282897,1825242,1602105,1448908,1551957,OTHR SERV AND CHRGS-GENERAL (51%); Payroll Summary (24%); PURCH DATA PROCESSING EQUIPT (8%); TELEPHONE & OTHER COMMUNICATNS (7%); BOOKS-OTHER (6%); DATA PROCESSING EQUIPMENT MAINTENANCE (2%); OFFICE EQUIPMENT (1%); SUPPLIES + MATERIALS - GENERAL (0%); OFFICE EQUIPMENT MAINTENANCE (0%),COMMUNITY COLLEGE PS (24%); DELL MARKETING LP (14%); QUALITY AND ASSURANCE TECHNOLOGY CORP (10%); BLACKBOARD INC. (7%); CROWN CASTLE FIBER LLC (5%); EAB GLOBAL INC (5%); CARAHSOFT TECHNOLOGY CORP (4%); Software Information Resource Corp (4%); ELSEVIER B.V. SCIENCE DIRECT (2%); COURSEDOG INC (2%),0.0
1101,311 - CITY,Mixed,"311 operations - ~60% call center labor (King Teleservices $17M), staffing, security, HVAC. ~15% IT vendors (Mythics, CDW, Presidio). Mixed.",14210219,15399697,17224255,19872193,23110880,38136143,37949635,37950389,34277851,34240572,Payroll Summary (56%); TEMPORARY SERVICES (28%); TELEPHONE & OTHER COMMUNICATNS (8%); CONTRACTUAL SERVICES GENERAL (5%); SECURITY SERVICES (1%); DATA PROCESSING EQUIPMENT MAINTENANCE (1%); DATA PROCESSING SUPPLIES (1%); BOOKS-OTHER (0%); MAINT & REP GENERAL (0%); OTHR SERV AND CHRGS-GENERAL (0%),"311 PS (32%); KING TELESERVICES LLC (28%); WASTE DISPOSAL (8%); VERIZON BUSINESS NETWORK SERVICES LLC (8%); ADMINISTRATION & PLANNING (6%); CENTRAL ADMINISTRATION - PS (5%); SECOND DEPUTY COMPT-PS (4%); LANGUAGE LINE SERVICES, INC. (3%); FUND FOR PUBLIC HEALTH IN NEW YORK INC (2%); CDW GOVERNMENT LLC (1%)",0.0
