payee_name,maker,fiscal_year,spend,checks
CDW GOVERNMENT LLC,Unattributed,2022,536308481.81,74357
CDW GOVERNMENT LLC,Unattributed,2025,381510260.05,50247
DELL MARKETING LP,Microsoft,2026,346355097.91,68
CDW GOVERNMENT LLC,Unattributed,2026,290079726.43,35623
CDW GOVERNMENT LLC,Unattributed,2024,281923676.03,41189
CDW GOVERNMENT LLC,Unattributed,2018,260961810.03,55197
CDW GOVERNMENT LLC,Unattributed,2021,253530717.72,47878
CDW GOVERNMENT LLC,Unattributed,2017,244584834.12,58034
CDW GOVERNMENT LLC,Unattributed,2023,242619326.59,40366
CDW GOVERNMENT LLC,Unattributed,2019,236923875.28,54011
CDW GOVERNMENT LLC,Unattributed,2020,208217235.96,38826
CDW GOVERNMENT LLC,Unattributed,2016,204321596.76,49702
DELL MARKETING LP,Microsoft,2021,202947518.05,52
CDW GOVERNMENT LLC,Google,2024,168965503.4,54
CDW GOVERNMENT LLC,Google,2026,160702412.1,84
PRESIDIO NETWORKED SOLUTIONS GROUP LLC,Unattributed,2022,134429676.71,454
DELL MARKETING LP,Unattributed,2022,126028867.22,489
PRESIDIO NETWORKED SOLUTIONS GROUP LLC,Unattributed,2023,122577971.46000001,731
DELL MARKETING LP,Unattributed,2024,119676302.84,529
SHI INTERNATIONAL CORP,Unattributed,2022,115991656.81,800
WORLD WIDE TECHNOLOGY LLC,Unattributed,2026,111587608.96000001,115
PRESIDIO NETWORKED SOLUTIONS GROUP LLC,Unattributed,2026,97126097.5,868
SHI INTERNATIONAL CORP,Unattributed,2026,92237793.64,1926
SHI INTERNATIONAL CORP,Unattributed,2023,87490721.0,804
SHI INTERNATIONAL CORP,Unattributed,2024,84998536.53,1043
CDW GOVERNMENT LLC,Unattributed,2015,83403015.34,43251
SHI INTERNATIONAL CORP,Unattributed,2025,77560285.6,718
DELL MARKETING LP,Microsoft,2019,75784737.28,26
PRESIDIO NETWORKED SOLUTIONS GROUP LLC,Unattributed,2025,73394267.63,715
WORLD WIDE TECHNOLOGY LLC,Cisco,2026,72240133.34,164
SHI INTERNATIONAL CORP,Unattributed,2021,70352491.85,1193
DELL MARKETING LP,Unattributed,2025,66763255.01,671
PRESIDIO NETWORKED SOLUTIONS GROUP LLC,Unattributed,2024,66171071.43,734
SHI INTERNATIONAL CORP,Unattributed,2020,60531168.36,1416
CDW GOVERNMENT LLC,Palo Alto Networks,2026,59778871.88,34
CDW GOVERNMENT LLC,Dell/EMC,2023,57625534.36,356
PRESIDIO NETWORKED SOLUTIONS GROUP LLC,Unattributed,2021,56068396.75,402
WORLD WIDE TECHNOLOGY LLC,Cisco,2024,56018101.03,308
DELL MARKETING LP,Microsoft,2020,51057026.4,19
PRESIDIO NETWORKED SOLUTIONS GROUP LLC,Unattributed,2019,48205664.98,530
DELL MARKETING LP,Unattributed,2023,47391682.79,546
SHI INTERNATIONAL CORP,VMware,2025,45531410.61,13
PRESIDIO NETWORKED SOLUTIONS GROUP LLC,Cisco,2016,44624688.96,83
WORLD WIDE TECHNOLOGY LLC,Cisco,2023,43112651.19,169
CDW GOVERNMENT LLC,Dell/EMC,2026,42532320.36,277
CDW GOVERNMENT LLC,Dell/EMC,2022,41903206.47,188
CDW GOVERNMENT LLC,Dell/EMC,2024,41278578.33,198
DELL MARKETING LP,Microsoft,2016,40578839.35,7
CDW GOVERNMENT LLC,Palo Alto Networks,2025,39710793.730000004,31
CDW GOVERNMENT LLC,Palo Alto Networks,2024,37192602.19,26
DELL MARKETING LP,Unattributed,2026,35926834.23,454
CDW GOVERNMENT LLC,Dell/EMC,2021,35418288.6,94
DELL MARKETING LP,Microsoft,2017,34247222.28,22
PRESIDIO NETWORKED SOLUTIONS GROUP LLC,Unattributed,2020,34219192.45,430
CDW GOVERNMENT LLC,Google,2023,33771152.19,38
SHI INTERNATIONAL CORP,VMware,2023,33432711.91,19
CDW GOVERNMENT LLC,Dell/EMC,2025,32142284.72,303
DELL MARKETING LP,Dell/EMC,2021,31523516.51,52
DELL MARKETING LP,Unattributed,2015,31268937.15,11575
DELL MARKETING LP,Unattributed,2016,30355848.1,9416
DELL MARKETING LP,Unattributed,2018,28825997.57,9079
DELL MARKETING LP,Unattributed,2017,28652735.44,3758
CDW GOVERNMENT LLC,Cisco,2023,28380056.08,39
WORLD WIDE TECHNOLOGY LLC,Cisco,2025,27917222.330000002,132
DELL MARKETING LP,Microsoft,2018,25666709.69,14
DELL MARKETING LP,Unattributed,2019,25404445.46,1874
SHI INTERNATIONAL CORP,Unattributed,2015,24540499.95,4262
SHI INTERNATIONAL CORP,Red Hat,2026,24278174.130000003,40
PRESIDIO NETWORKED SOLUTIONS GROUP LLC,Cisco,2018,24034917.97,45
CDW GOVERNMENT LLC,Cisco,2019,23622332.67,79
DELL MARKETING LP,Microsoft,2015,23213106.96,11
SHI INTERNATIONAL CORP,Trellix/McAfee,2025,22390347.99,35
CDW GOVERNMENT LLC,IBM,2024,21161191.25,65
CDW GOVERNMENT LLC,IBM,2022,20837404.3,67
SHI INTERNATIONAL CORP,ServiceNow,2026,20674523.71,70
PRESIDIO NETWORKED SOLUTIONS GROUP LLC,Cisco,2020,20550651.59,72
CDW GOVERNMENT LLC,Dell/EMC,2020,20048917.84,108
CDW GOVERNMENT LLC,IBM,2026,19935251.19,101
DELL MARKETING LP,Unattributed,2020,19796206.34,562
SHI INTERNATIONAL CORP,CrowdStrike,2026,19656993.93,4
SHI INTERNATIONAL CORP,Unattributed,2019,19469199.29,869
CDW GOVERNMENT LLC,IBM,2023,19145002.509999998,130
CDW GOVERNMENT LLC,Google,2022,18980777.3,26
CDW GOVERNMENT LLC,IBM,2020,18804578.419999998,38
SHI INTERNATIONAL CORP,CrowdStrike,2025,18678329.46,2
SHI INTERNATIONAL CORP,Unattributed,2016,18644240.68,2312
DELL MARKETING LP,Unattributed,2021,17423265.59,382
WORLD WIDE TECHNOLOGY LLC,Unattributed,2025,17416839.24,71
PRESIDIO NETWORKED SOLUTIONS GROUP LLC,Cisco,2024,16955870.98,165
SHI INTERNATIONAL CORP,VMware,2020,16885943.99,9
CDW GOVERNMENT LLC,Salesforce,2025,16670536.11,72
CDW GOVERNMENT LLC,Cisco,2021,16582150.280000001,27
CDW GOVERNMENT LLC,IBM,2025,16569180.18,125
CDW GOVERNMENT LLC,Palo Alto Networks,2023,16504493.43,27
CDW GOVERNMENT LLC,Salesforce,2023,16194461.95,57
INSIGHT PUBLIC SECTOR INC,Unattributed,2022,14773721.85,651
CDW GOVERNMENT LLC,Salesforce,2026,14291631.09,71
DELL MARKETING LP,Dell/EMC,2015,14062561.42,337
CDW GOVERNMENT LLC,Arista,2026,14008344.27,71
SHI INTERNATIONAL CORP,CrowdStrike,2024,13895800.93,4
CDW GOVERNMENT LLC,Salesforce,2024,13836174.39,65
PRESIDIO NETWORKED SOLUTIONS GROUP LLC,Cisco,2021,13813229.89,103
SHI INTERNATIONAL CORP,CrowdStrike,2022,13786373.05,3
PRESIDIO NETWORKED SOLUTIONS GROUP LLC,Unattributed,2018,13533322.85,229
CDW GOVERNMENT LLC,Commvault,2026,13414061.29,16
SHI INTERNATIONAL CORP,CrowdStrike,2023,13127570.0,2
SHI INTERNATIONAL CORP,CrowdStrike,2021,13127570.0,2
SHI INTERNATIONAL CORP,ServiceNow,2023,13098137.78,49
CARAHSOFT TECHNOLOGY CORP,VMware,2015,13060648.0,12
CDW GOVERNMENT LLC,Dell/EMC,2017,12995760.32,91
CDW GOVERNMENT LLC,Palo Alto Networks,2018,12340748.39,27
CDW GOVERNMENT LLC,Google,2025,12088763.72,50
SHI INTERNATIONAL CORP,Microsoft,2025,11878777.02,72
CDW GOVERNMENT LLC,Oracle,2018,11866120.66,35
WORLD WIDE TECHNOLOGY LLC,Armis,2026,11618358.52,11
SHI INTERNATIONAL CORP,Unattributed,2018,11523853.12,919
CDW GOVERNMENT LLC,Palo Alto Networks,2022,11167551.99,22
CDW GOVERNMENT LLC,IBM,2019,11157581.25,72
CDW GOVERNMENT LLC,Oracle,2023,11042726.28,15
SHI INTERNATIONAL CORP,ServiceNow,2025,10987225.97,28
CDW GOVERNMENT LLC,Arista,2025,10764609.37,42
CDW GOVERNMENT LLC,Palo Alto Networks,2020,10626503.129999999,17
CDW GOVERNMENT LLC,Ciena,2023,10381737.77,8
SHI INTERNATIONAL CORP,CrowdStrike,2020,10078022.0,4
CDW GOVERNMENT LLC,IBM,2021,10001457.03,23
CDW GOVERNMENT LLC,Securonix,2026,9894772.6,1
SHI INTERNATIONAL CORP,Securonix,2026,9894772.6,1
PRESIDIO NETWORKED SOLUTIONS GROUP LLC,Cisco,2025,9884057.790000001,120
SHI INTERNATIONAL CORP,Red Hat,2023,9882007.03,15
CDW GOVERNMENT LLC,Google,2021,9878698.49,21
SHI INTERNATIONAL CORP,Software AG,2025,9825539.64,16
SHI INTERNATIONAL CORP,Securonix,2025,9706153.5,1
CDW GOVERNMENT LLC,Dell/EMC,2019,9609077.91,63
CDW GOVERNMENT LLC,Cisco,2018,9356353.47,60
SHI INTERNATIONAL CORP,ServiceNow,2022,9348600.81,36
SHI INTERNATIONAL CORP,Fortinet,2024,9318651.25,16
SHI INTERNATIONAL CORP,Check Point,2024,9311234.76,19
WORLD WIDE TECHNOLOGY LLC,Multiple makers,2025,9224695.54,10
SHI INTERNATIONAL CORP,Unattributed,2017,9175343.26,694
PRESIDIO NETWORKED SOLUTIONS GROUP LLC,Unattributed,2017,9174969.58,156
SHI INTERNATIONAL CORP,CrowdStrike,2019,9132000.0,2
SHI INTERNATIONAL CORP,Trellix/McAfee,2020,9112740.93,18
GOVCONNECTION INC,Unattributed,2025,9061663.25,50
CDW GOVERNMENT LLC,Splunk,2025,8935876.16,23
SHI INTERNATIONAL CORP,Deloitte,2025,8799948.9,2
SHI INTERNATIONAL CORP,Microsoft,2026,8765545.96,49
CDW GOVERNMENT LLC,Cisco,2020,8749137.41,121
SHI INTERNATIONAL CORP,Juniper,2025,8741121.7,24
SHI INTERNATIONAL CORP,Netscout,2023,8595118.23,6
SHI INTERNATIONAL CORP,Trellix/McAfee,2022,8530574.92,46
CDW GOVERNMENT LLC,MTX Group,2026,8471187.28,34
CDW GOVERNMENT LLC,Dell/EMC,2018,8465734.97,103
DELL MARKETING LP,Dell/EMC,2016,8404524.63,215
SHI INTERNATIONAL CORP,Trellix/McAfee,2021,8317934.26,48
CDW GOVERNMENT LLC,IBM,2017,8155128.39,34
DELL MARKETING LP,Microsoft,2023,8085929.6,32
SHI INTERNATIONAL CORP,Adobe,2026,8078205.31,27
CDW GOVERNMENT LLC,Palo Alto Networks,2021,7896829.64,15
CDW GOVERNMENT LLC,Multiple makers,2017,7894505.11,55
SHI INTERNATIONAL CORP,Red Hat,2024,7886424.51,20
SHI INTERNATIONAL CORP,Red Hat,2025,7714634.84,22
CDW GOVERNMENT LLC,Accela,2024,7674655.12,4
SHI INTERNATIONAL CORP,Trellix/McAfee,2023,7663895.29,39
DELL MARKETING LP,Dell/EMC,2023,7632812.08,44
SHI INTERNATIONAL CORP,HP/HPE,2020,7618234.08,159
WORLD WIDE TECHNOLOGY LLC,Unattributed,2023,7590450.62,68
SHI INTERNATIONAL CORP,Check Point,2020,7554181.84,11
SHI INTERNATIONAL CORP,Check Point,2023,7488118.16,16
PRESIDIO NETWORKED SOLUTIONS GROUP LLC,Cisco,2019,7458221.18,45
WORLD WIDE TECHNOLOGY LLC,Armis,2025,7452388.350000001,13
SHI INTERNATIONAL CORP,VMware,2019,7446195.0,4
PRESIDIO NETWORKED SOLUTIONS GROUP LLC,Cisco,2026,7402475.41,159
WORLD WIDE TECHNOLOGY LLC,Unattributed,2024,7351220.58,85
SHI INTERNATIONAL CORP,Skyhigh Security,2025,7330459.0,4
INSIGHT PUBLIC SECTOR INC,Unattributed,2021,7210617.61,102
SHI INTERNATIONAL CORP,Adobe,2025,7194739.43,110
WORLD WIDE TECHNOLOGY LLC,Live XYZ,2026,7105263.0,3
SHI INTERNATIONAL CORP,Veracode,2023,7035122.8,3
SHI INTERNATIONAL CORP,VMware,2022,6658537.149999999,10
CDW GOVERNMENT LLC,Reveald,2025,6625625.76,1
CDW GOVERNMENT LLC,Reveald,2026,6625625.76,1
CDW GOVERNMENT LLC,Reveald,2024,6625625.76,1
PRESIDIO NETWORKED SOLUTIONS GROUP LLC,Cisco,2023,6495854.11,77
CDW GOVERNMENT LLC,Oracle,2024,6375559.76,19
CDW GOVERNMENT LLC,Reveald,2023,6272468.0,1
SHI INTERNATIONAL CORP,Lenovo,2024,6249392.07,52
CDW GOVERNMENT LLC,MTX Group,2025,6200795.16,18
CDW GOVERNMENT LLC,HP/HPE,2018,6200064.69,66
CDW GOVERNMENT LLC,Multiple makers,2022,6155569.17,18
CDW GOVERNMENT LLC,Oracle,2019,6008947.1,16
WORLD WIDE TECHNOLOGY LLC,NetApp,2026,5981265.94,16
SHI INTERNATIONAL CORP,Red Hat,2022,5959286.49,18
DELL MARKETING LP,Dell/EMC,2026,5721471.87,158
SHI INTERNATIONAL CORP,Software AG,2023,5681000.0,1
CDW GOVERNMENT LLC,HP/HPE,2019,5671783.4,157
WORLD WIDE TECHNOLOGY LLC,AWS,2026,5647580.89,246
WORLD WIDE TECHNOLOGY LLC,AWS,2025,5592123.94,261
GOVCONNECTION INC,Unattributed,2026,5585418.22,477
SHI INTERNATIONAL CORP,Trellix/McAfee,2019,5549047.42,3
CDW GOVERNMENT LLC,Esri,2024,5535422.96,28
PRESIDIO NETWORKED SOLUTIONS GROUP LLC,Palo Alto Networks,2021,5511841.4399999995,5
SHI INTERNATIONAL CORP,Nuvalence,2026,5418202.64,27
SHI INTERNATIONAL CORP,Trellix/McAfee,2024,5409701.96,28
SHI INTERNATIONAL CORP,Software AG,2026,5366444.53,3
CDW GOVERNMENT LLC,Palo Alto Networks,2019,5352504.87,11
DELL MARKETING LP,Dell/EMC,2019,5317568.090000001,60
CDW GOVERNMENT LLC,MTX Group,2024,5285676.2,9
CDW GOVERNMENT LLC,Esri,2023,5271557.3,33
CARAHSOFT TECHNOLOGY CORP,Unattributed,2026,5219459.91,154
SHI INTERNATIONAL CORP,NetApp,2020,5179943.77,6
SHI INTERNATIONAL CORP,Securonix,2024,4981475.52,1
CARAHSOFT TECHNOLOGY CORP,Unattributed,2020,4954311.9799999995,111
CDW GOVERNMENT LLC,Multiple makers,2026,4951382.21,13
SHI INTERNATIONAL CORP,Securonix,2023,4928505.6,1
CDW GOVERNMENT LLC,ScienceLogic,2019,4912038.880000001,2
CDW GOVERNMENT LLC,Cisco,2022,4910759.93,19
CDW GOVERNMENT LLC,ScienceLogic,2022,4797891.24,3
INSIGHT PUBLIC SECTOR INC,Unattributed,2023,4796149.17,250
SHI INTERNATIONAL CORP,Lenovo,2026,4780668.01,18
DELL MARKETING LP,Broadcom/Symantec/CA,2021,4685807.53,6
PRESIDIO NETWORKED SOLUTIONS GROUP LLC,Multiple makers,2016,4658100.04,12
DELL MARKETING LP,Microsoft,2025,4633369.28,55
CARAHSOFT TECHNOLOGY CORP,Unattributed,2019,4620713.31,157
CDW GOVERNMENT LLC,CrowdStrike,2017,4596300.0,3
CDW GOVERNMENT LLC,HP/HPE,2022,4539379.44,69
DELL MARKETING LP,Broadcom/Symantec/CA,2025,4466111.63,1
SHI INTERNATIONAL CORP,VMware,2021,4458567.12,6
CDW GOVERNMENT LLC,HP/HPE,2020,4456332.37,36
CDW GOVERNMENT LLC,CrowdStrike,2018,4445000.0,1
CDW GOVERNMENT LLC,Cisco,2024,4420612.79,16
SHI INTERNATIONAL CORP,VMware,2026,4402156.0200000005,4
CDW GOVERNMENT LLC,Accela,2023,4396700.17,7
CDW GOVERNMENT LLC,Oracle,2025,4357657.0,8
CDW GOVERNMENT LLC,Autodesk,2023,4351014.1,25
CDW GOVERNMENT LLC,Salesforce,2021,4322433.23,6
CDW GOVERNMENT LLC,VMware,2026,4317838.359999999,2
CDW GOVERNMENT LLC,HP/HPE,2017,4225084.83,57
SHI INTERNATIONAL CORP,VMware,2024,4211266.99,11
DELL MARKETING LP,Broadcom/Symantec/CA,2024,4170038.86,1
SHI INTERNATIONAL CORP,Veritas,2020,4162758.33,12
SHI INTERNATIONAL CORP,Securonix,2022,4159123.2,1
SHI INTERNATIONAL CORP,ServiceNow,2024,4158594.44,31
SHI INTERNATIONAL CORP,NetApp,2021,4142251.91,7
CARAHSOFT TECHNOLOGY CORP,Unattributed,2025,4082661.06,144
CDW GOVERNMENT LLC,Multiple makers,2024,4077308.5,5
DELL MARKETING LP,Dell/EMC,2017,4048483.57,65
CARAHSOFT TECHNOLOGY CORP,Unattributed,2023,4002283.25,113
DELL MARKETING LP,Dell/EMC,2018,3969859.77,103
PRESIDIO NETWORKED SOLUTIONS GROUP LLC,Dell/EMC,2016,3913868.59,7
SHI INTERNATIONAL CORP,Nuvalence,2025,3906279.64,18
CDW GOVERNMENT LLC,HP/HPE,2023,3863481.65,104
SHI INTERNATIONAL CORP,Commvault,2021,3861471.47,4
CARAHSOFT TECHNOLOGY CORP,Unattributed,2024,3860137.97,138
CDW GOVERNMENT LLC,IBM,2018,3856761.97,17
DELL MARKETING LP,Broadcom/Symantec/CA,2023,3816039.68,1
CDW GOVERNMENT LLC,Axis Communications,2025,3711066.19,14
SHI INTERNATIONAL CORP,Veracode,2025,3708502.2,2
DELL MARKETING LP,Dell/EMC,2024,3703798.61,50
SHI INTERNATIONAL CORP,Software AG,2024,3699724.44,16
SHI INTERNATIONAL CORP,Veritas,2021,3606556.71,10
CDW GOVERNMENT LLC,Multiple makers,2018,3580704.08,30
CDW GOVERNMENT LLC,Cisco,2016,3569815.99,24
CDW GOVERNMENT LLC,Esri,2026,3536898.55,33
CDW GOVERNMENT LLC,Proofpoint,2024,3534723.6,2
PRESIDIO NETWORKED SOLUTIONS GROUP LLC,Cisco,2017,3512569.3,70
WORLD WIDE TECHNOLOGY LLC,Multiple makers,2024,3502978.29,12
CDW GOVERNMENT LLC,Autodesk,2026,3455812.51,43
WORLD WIDE TECHNOLOGY LLC,NetApp,2025,3432521.5700000003,17
CDW GOVERNMENT LLC,Cisco,2017,3417612.77,33
SHI INTERNATIONAL CORP,BlueCrest,2024,3417009.27,17
DELL MARKETING LP,Broadcom/Symantec/CA,2022,3402051.31,3
CDW GOVERNMENT LLC,Google,2020,3400000.0,2
SHI INTERNATIONAL CORP,Adobe,2024,3397834.51,78
CDW GOVERNMENT LLC,ScienceLogic,2024,3380011.8,3
CDW GOVERNMENT LLC,Esri,2025,3371757.6,23
SHI INTERNATIONAL CORP,Veritas,2023,3365511.16,14
CARAHSOFT TECHNOLOGY CORP,Unattributed,2018,3288688.75,98
SHI INTERNATIONAL CORP,Veritas,2022,3256474.36,12
SHI INTERNATIONAL CORP,Lenovo,2021,3221447.0,5
WORLD WIDE TECHNOLOGY LLC,AWS,2024,3215525.91,130
SHI INTERNATIONAL CORP,Synack,2026,3212913.0,1
SHI INTERNATIONAL CORP,Netscout,2025,3195044.46,13
SHI INTERNATIONAL CORP,Microsoft,2024,3194529.05,8
SHI INTERNATIONAL CORP,Google,2025,3180194.1,6
CDW GOVERNMENT LLC,HP/HPE,2021,3141182.95,55
CDW GOVERNMENT LLC,Splunk,2026,3128909.54,15
CDW GOVERNMENT LLC,Arista,2023,3116084.69,5
SHI INTERNATIONAL CORP,Synack,2025,3107763.12,1
SHI INTERNATIONAL CORP,Citrix,2025,3106156.04,12
CDW GOVERNMENT LLC,ScienceLogic,2025,3101325.2,2
CDW GOVERNMENT LLC,ScienceLogic,2023,3098768.55,4
SHI INTERNATIONAL CORP,Microsoft,2021,3056987.37,26
CDW GOVERNMENT LLC,Avaya,2022,3054479.65,38
SHI INTERNATIONAL CORP,HP/HPE,2024,3053828.73,33
SHI INTERNATIONAL CORP,BMC,2026,3052059.67,7
DELL MARKETING LP,Broadcom/Symantec/CA,2019,3043740.58,4
CDW GOVERNMENT LLC,Proofpoint,2025,3037782.0,2
CDW GOVERNMENT LLC,Proofpoint,2026,3037470.0,2
SHI INTERNATIONAL CORP,Red Hat,2020,3028602.17,10
DELL MARKETING LP,Broadcom/Symantec/CA,2020,3027534.0,2
CDW GOVERNMENT LLC,Oracle,2020,3017825.0700000003,17
DELL MARKETING LP,Broadcom/Symantec/CA,2018,3004028.0,2
CDW GOVERNMENT LLC,Splunk,2023,3000711.34,11
DELL MARKETING LP,Microsoft,2024,2955505.77,48
SHI INTERNATIONAL CORP,Veracode,2026,2950559.88,1
SHI INTERNATIONAL CORP,Veritas,2024,2926100.9099999997,10
SHI INTERNATIONAL CORP,Netscout,2024,2918351.94,10
SHI INTERNATIONAL CORP,Veracode,2024,2901002.91,2
CDW GOVERNMENT LLC,Rapid7,2025,2876782.9,2
CDW GOVERNMENT LLC,NetApp,2023,2876356.85,6
SHI INTERNATIONAL CORP,Netscout,2026,2854253.26,4
SHI INTERNATIONAL CORP,Trellix/McAfee,2026,2846060.48,20
CDW GOVERNMENT LLC,HP/HPE,2016,2836157.99,42
SHI INTERNATIONAL CORP,Lenovo,2025,2829510.27,67
CDW GOVERNMENT LLC,F5,2022,2814508.65,12
WORLD WIDE TECHNOLOGY LLC,Armis,2024,2732896.77,2
PRESIDIO NETWORKED SOLUTIONS GROUP LLC,Unattributed,2016,2729441.61,61
CDW GOVERNMENT LLC,Oracle,2017,2703132.67,7
CDW GOVERNMENT LLC,Palo Alto Networks,2017,2681977.26,3
CDW GOVERNMENT LLC,Autodesk,2025,2655273.19,15
WORLD WIDE TECHNOLOGY LLC,NetApp,2024,2592381.89,7
SHI INTERNATIONAL CORP,Fortinet,2022,2588533.2800000003,13
CDW GOVERNMENT LLC,Arista,2024,2559421.5900000003,5
CARAHSOFT TECHNOLOGY CORP,Unattributed,2017,2549681.78,89
CDW GOVERNMENT LLC,Panasonic,2022,2537351.65,20
CARAHSOFT TECHNOLOGY CORP,Unattributed,2021,2460566.02,106
CDW GOVERNMENT LLC,Multiple makers,2023,2459754.23,21
SHI INTERNATIONAL CORP,Check Point,2021,2439964.4,13
SHI INTERNATIONAL CORP,Veracode,2022,2435897.52,1
DELL MARKETING LP,Dell/EMC,2025,2431002.68,92
CDW GOVERNMENT LLC,Software AG,2018,2430000.0,1
CDW GOVERNMENT LLC,Infoblox,2025,2403204.96,6
SHI INTERNATIONAL CORP,Netscout,2022,2396701.08,12
CDW GOVERNMENT LLC,Avaya,2023,2378358.18,39
CDW GOVERNMENT LLC,Panasonic,2020,2351853.55,50
CDW GOVERNMENT LLC,Netscout,2018,2342994.86,6
INSIGHT PUBLIC SECTOR INC,Unattributed,2024,2337138.43,204
CDW GOVERNMENT LLC,Accela,2025,2323254.3200000003,4
SHI INTERNATIONAL CORP,Workday,2025,2308909.75,6
CDW GOVERNMENT LLC,Accela,2026,2308675.23,4
SHI INTERNATIONAL CORP,Commvault,2020,2298417.8,5
SHI INTERNATIONAL CORP,BMC,2023,2283411.53,10
SHI INTERNATIONAL CORP,Check Point,2026,2276246.25,20
SHI INTERNATIONAL CORP,Nuvalence,2024,2272104.03,4
SHI INTERNATIONAL CORP,ServiceNow,2020,2252438.88,17
CARAHSOFT TECHNOLOGY CORP,Salesforce,2023,2230105.24,12
SHI INTERNATIONAL CORP,Check Point,2025,2204096.39,24
CDW GOVERNMENT LLC,Panasonic,2023,2177104.5,11
CDW GOVERNMENT LLC,MTX Group,2023,2163804.17,10
CDW GOVERNMENT LLC,Commvault,2024,2151334.19,8
CDW GOVERNMENT LLC,Gigamon,2024,2101097.39,5
CDW GOVERNMENT LLC,Commvault,2025,2093208.97,9
CDW GOVERNMENT LLC,Nutanix,2026,2012105.8499999999,6
PRESIDIO NETWORKED SOLUTIONS LLC,Unattributed,2024,2008974.79,14
CDW GOVERNMENT LLC,Broadcom/Symantec/CA,2019,2003973.38,3
GOVCONNECTION INC,Unattributed,2024,1984131.99,83
WORLD WIDE TECHNOLOGY LLC,NetApp,2023,1983824.99,6
SHI INTERNATIONAL CORP,Broadcom/Symantec/CA,2026,1977445.04,5
CDW GOVERNMENT LLC,Ciena,2024,1928998.94,8
SHI INTERNATIONAL CORP,Adobe,2022,1914439.96,57
CARAHSOFT TECHNOLOGY CORP,Unattributed,2022,1910042.79,101
CDW GOVERNMENT LLC,Multiple makers,2019,1895886.8900000001,31
CDW GOVERNMENT LLC,Trellix/McAfee,2017,1893000.0,1
CDW GOVERNMENT LLC,Tableau,2026,1892289.44,52
CDW GOVERNMENT LLC,Avaya,2021,1883942.8,14
SHI INTERNATIONAL CORP,BMC,2025,1880128.68,5
CDW GOVERNMENT LLC,Gigamon,2025,1878134.48,5
SHI INTERNATIONAL CORP,Adobe,2020,1866703.21,3
SHI INTERNATIONAL CORP,Redis,2025,1862976.29,3
GOVCONNECTION INC,Unattributed,2018,1844018.98,236
SHI INTERNATIONAL CORP,Broadcom/Symantec/CA,2025,1833399.4100000001,5
SHI INTERNATIONAL CORP,Adobe,2019,1811050.77,4
CDW GOVERNMENT LLC,Gigamon,2026,1801706.88,4
CDW GOVERNMENT LLC,Multiple makers,2016,1797576.49,18
CDW GOVERNMENT LLC,Netscout,2017,1793240.16,5
SHI INTERNATIONAL CORP,BMC,2024,1779765.24,5
SHI INTERNATIONAL CORP,Adobe,2023,1773338.88,72
CDW GOVERNMENT LLC,Commvault,2023,1768073.78,13
CDW GOVERNMENT LLC,Panasonic,2018,1762944.18,40
SHI INTERNATIONAL CORP,Fortinet,2023,1759601.15,9
CDW GOVERNMENT LLC,Cisco,2025,1715758.3399999999,4
SHI INTERNATIONAL CORP,Workday,2026,1700623.1,8
INSIGHT PUBLIC SECTOR INC,Unattributed,2019,1689869.04,76
CDW GOVERNMENT LLC,Commvault,2022,1685691.08,6
SHI INTERNATIONAL CORP,Lenovo,2023,1684641.52,39
SHI INTERNATIONAL CORP,Pure Storage,2020,1682302.13,2
CDW GOVERNMENT LLC,Veritas,2017,1667334.47,5
CDW GOVERNMENT LLC,Oracle,2021,1649255.05,33
DELL MARKETING LP,Dell/EMC,2022,1641560.3,25
CDW GOVERNMENT LLC,Dell/EMC,2016,1625840.99,20
SHI INTERNATIONAL CORP,Veracode,2021,1623931.68,1
CARAHSOFT TECHNOLOGY CORP,Veritas,2019,1618135.01,7
CDW GOVERNMENT LLC,Salesforce,2022,1610383.51,19
WORLD WIDE TECHNOLOGY LLC,Live XYZ,2024,1600000.0,1
WORLD WIDE TECHNOLOGY LLC,Live XYZ,2023,1600000.0,1
SHI INTERNATIONAL CORP,ServiceNow,2021,1590804.89,25
CDW GOVERNMENT LLC,Lenovo,2018,1583032.32,18
SHI INTERNATIONAL CORP,Redis,2024,1576883.6,6
WORLD WIDE TECHNOLOGY LLC,Axon,2025,1561650.6,5
SHI INTERNATIONAL CORP,OpenText,2026,1557242.04,2
SHI INTERNATIONAL CORP,BMC,2022,1520466.52,9
SHI INTERNATIONAL CORP,Red Hat,2021,1506421.68,9
CARAHSOFT TECHNOLOGY CORP,Unattributed,2016,1500119.34,42
CDW GOVERNMENT LLC,Splunk,2022,1486270.0,15
CDW GOVERNMENT LLC,F5,2023,1464475.02,13
SHI INTERNATIONAL CORP,BMC,2021,1451754.67,7
INSIGHT PUBLIC SECTOR INC,Unattributed,2020,1442326.54,43
WORLD WIDE TECHNOLOGY LLC,Live XYZ,2025,1421047.0,1
SHI INTERNATIONAL CORP,Netscout,2020,1416705.49,5
SHI INTERNATIONAL CORP,Netscout,2021,1415882.84,5
SHI INTERNATIONAL CORP,Redis,2023,1387657.14,1
SHI INTERNATIONAL CORP,Genesys,2026,1383738.46,9
SHI INTERNATIONAL CORP,Broadcom/Symantec/CA,2024,1377770.54,1
CDW GOVERNMENT LLC,Infoblox,2026,1304432.81,9
SHI INTERNATIONAL CORP,Skyhigh Security,2026,1286342.87,9
CDW GOVERNMENT LLC,Oracle,2026,1274837.1300000001,8
PRESIDIO NETWORKED SOLUTIONS GROUP LLC,Cisco,2022,1256926.59,66
CDW GOVERNMENT LLC,Nutanix,2021,1239865.76,3
CDW GOVERNMENT LLC,F5,2018,1239423.56,8
WORLD WIDE TECHNOLOGY LLC,Axon,2026,1228663.43,4
CARAHSOFT TECHNOLOGY CORP,ServiceNow,2018,1227089.37,12
SHI INTERNATIONAL CORP,Brocade,2020,1218178.89,19
SHI INTERNATIONAL CORP,Google,2024,1215446.75,4
DELL MARKETING LP,Broadcom/Symantec/CA,2015,1206438.0,1
CDW GOVERNMENT LLC,Commvault,2018,1197136.8399999999,2
SHI INTERNATIONAL CORP,Adobe,2021,1196996.54,63
CDW GOVERNMENT LLC,Avaya,2024,1187410.12,17
SHI INTERNATIONAL CORP,Netscout,2019,1166394.52,5
SHI INTERNATIONAL CORP,Fortinet,2020,1158193.69,9
CDW GOVERNMENT LLC,Splunk,2021,1157927.0,6
CDW GOVERNMENT LLC,BMC,2017,1151069.05,5
SHI INTERNATIONAL CORP,Informatica,2024,1150021.12,5
CDW GOVERNMENT LLC,CrowdStrike,2019,1144250.0,2
CDW GOVERNMENT LLC,Ciena,2020,1144166.56,1
SHI INTERNATIONAL CORP,Lenovo,2020,1126802.9,17
INSIGHT PUBLIC SECTOR INC,Unattributed,2025,1126579.48,79
SHI INTERNATIONAL CORP,Riverbed,2020,1126084.72,18
SHI INTERNATIONAL CORP,Citrix,2024,1118884.87,9
SHI INTERNATIONAL CORP,Commvault,2019,1117496.86,6
DELL MARKETING LP,Dell/EMC,2020,1067501.14,40
INSIGHT PUBLIC SECTOR INC,Unattributed,2018,1067138.08,51
CARAHSOFT TECHNOLOGY CORP,VMware,2016,1060014.0,2
SHI INTERNATIONAL CORP,Apple,2020,1058255.38,7
SHI INTERNATIONAL CORP,Lenovo,2022,1045038.73,69
CDW GOVERNMENT LLC,OpenText,2021,1013058.0299999999,5
SHI INTERNATIONAL CORP,Qualtrics,2025,1000712.0,2
SHI INTERNATIONAL CORP,Citrix,2023,997041.0700000001,6
SHI INTERNATIONAL CORP,HP/HPE,2019,994145.47,94
CDW GOVERNMENT LLC,NetApp,2022,984964.83,3
CDW GOVERNMENT LLC,ScienceLogic,2020,981988.16,1
SHI INTERNATIONAL CORP,Veritas,2025,933243.53,2
CDW GOVERNMENT LLC,Nutanix,2023,932588.52,19
INSIGHT PUBLIC SECTOR INC,Unattributed,2026,931848.09,26
SHI INTERNATIONAL CORP,Informatica,2026,929197.65,4
SHI INTERNATIONAL CORP,Veritas,2019,929160.22,7
SHI INTERNATIONAL CORP,Kofax/Tungsten,2020,925244.8300000001,18
SHI INTERNATIONAL CORP,Check Point,2022,922168.35,12
SHI INTERNATIONAL CORP,Canon,2021,914575.16,4
CDW GOVERNMENT LLC,NetApp,2018,910034.84,2
CDW GOVERNMENT LLC,Autodesk,2022,909298.6,35
SHI INTERNATIONAL CORP,NetApp,2022,909135.75,6
SHI INTERNATIONAL CORP,Redis,2026,906871.39,1
SHI INTERNATIONAL CORP,Riverbed,2022,904083.79,35
WORLD WIDE TECHNOLOGY LLC,Armis,2023,899937.1799999999,3
SHI INTERNATIONAL CORP,Broadcom/Symantec/CA,2015,899149.35,3
DELL MARKETING LP,Microsoft,2022,886616.17,17
SHI INTERNATIONAL CORP,Juniper,2022,882497.13,23
SHI INTERNATIONAL CORP,Citrix,2020,882101.21,6
CDW GOVERNMENT LLC,KnowBe4,2026,881600.0,1
CDW GOVERNMENT LLC,KnowBe4,2025,881600.0,1
SHI INTERNATIONAL CORP,Google,2023,877937.6,6
SHI INTERNATIONAL CORP,Riverbed,2023,870777.12,20
INSIGHT PUBLIC SECTOR INC,Unattributed,2017,857548.1799999999,10
SHI INTERNATIONAL CORP,Workday,2024,843081.88,10
CDW GOVERNMENT LLC,Dynatrace,2017,838975.0,1
CDW GOVERNMENT LLC,Splunk,2024,836059.28,3
SHI INTERNATIONAL CORP,SAP,2025,827766.0900000001,4
CDW GOVERNMENT LLC,Rapid7,2022,820898.67,2
CDW GOVERNMENT LLC,F5,2021,816038.1900000001,4
CDW GOVERNMENT LLC,Juniper,2017,814695.55,69
SHI INTERNATIONAL CORP,HP/HPE,2015,802633.2,3
CARAHSOFT TECHNOLOGY CORP,Salesforce,2016,795876.0,13
CDW GOVERNMENT LLC,Autodesk,2021,792499.5499999999,5
SHI INTERNATIONAL CORP,Juniper,2020,786739.22,16
CDW GOVERNMENT LLC,F5,2020,785696.05,2
CDW GOVERNMENT LLC,ScienceLogic,2021,781856.56,1
SHI INTERNATIONAL CORP,Lenovo,2019,779479.44,4
SHI INTERNATIONAL CORP,Tableau,2023,765612.73,44
SHI INTERNATIONAL CORP,Tableau,2021,760129.15,38
SHI INTERNATIONAL CORP,SAP,2024,759692.47,6
SHI INTERNATIONAL CORP,Broadcom/Symantec/CA,2016,757303.48,3
DELL MARKETING LP,Red Hat,2018,751654.6799999999,3
CDW GOVERNMENT LLC,Esri,2019,747631.3400000001,2
CDW GOVERNMENT LLC,F5,2019,743996.31,2
CDW GOVERNMENT LLC,Infoblox,2020,742577.97,4
CDW GOVERNMENT LLC,Oracle,2022,733706.4,1
CARAHSOFT TECHNOLOGY CORP,Unattributed,2015,731316.09,52
CDW GOVERNMENT LLC,Varonis,2026,725888.99,2
CDW GOVERNMENT LLC,Trellix/McAfee,2018,724960.06,1
CDW GOVERNMENT LLC,Axis Communications,2021,723817.1,18
GOVCONNECTION INC,Unattributed,2017,718986.28,249
SHI INTERNATIONAL CORP,Multiple makers,2021,715013.93,5
SHI INTERNATIONAL CORP,DocuSign,2023,713615.0,4
CDW GOVERNMENT LLC,OpenText,2020,710149.53,4
CDW GOVERNMENT LLC,Nutanix,2024,707541.11,11
PRESIDIO NETWORKED SOLUTIONS GROUP LLC,Oracle,2023,702935.31,8
CDW GOVERNMENT LLC,Commvault,2019,701227.98,6
CDW GOVERNMENT LLC,F5,2017,700472.36,8
SHI INTERNATIONAL CORP,Elastic,2023,699831.1,2
CDW GOVERNMENT LLC,Red Hat,2017,698506.0,4
SHI INTERNATIONAL CORP,OpenText,2025,694710.48,1
CDW GOVERNMENT LLC,MongoDB,2018,679500.0,3
SHI INTERNATIONAL CORP,Informatica,2025,659214.12,3
SHI INTERNATIONAL CORP,Riverbed,2021,656572.16,15
CARAHSOFT TECHNOLOGY CORP,ServiceNow,2017,656153.83,8
CDW GOVERNMENT LLC,Adobe,2018,641901.39,10
CDW GOVERNMENT LLC,SAS Institute,2024,636688.9,2
INSIGHT PUBLIC SECTOR INC,Microsoft,2017,628144.29,9
SHI INTERNATIONAL CORP,SAP,2020,627603.56,3
CDW GOVERNMENT LLC,Xerox,2025,611290.0,9
CARAHSOFT TECHNOLOGY CORP,ServiceNow,2020,607856.0,4
SHI INTERNATIONAL CORP,DocuSign,2025,602868.0,4
CDW GOVERNMENT LLC,APC/Schneider,2021,597397.49,6
CARAHSOFT TECHNOLOGY CORP,ServiceNow,2019,593023.11,7
CDW GOVERNMENT LLC,Tableau,2025,584965.05,53
SHI INTERNATIONAL CORP,Ivanti,2026,583439.02,11
SHI INTERNATIONAL CORP,Broadcom/Symantec/CA,2021,576342.34,1
CDW GOVERNMENT LLC,OpenText,2023,575037.84,6
CDW GOVERNMENT LLC,Ciena,2021,573831.76,6
CDW GOVERNMENT LLC,Panasonic,2021,571667.7,12
SHI INTERNATIONAL CORP,Broadcom/Symantec/CA,2020,571348.9400000001,3
SHI INTERNATIONAL CORP,BMC,2019,570391.25,2
PRESIDIO NETWORKED SOLUTIONS GROUP LLC,Palo Alto Networks,2019,560390.42,3
CDW GOVERNMENT LLC,Lenovo,2019,555506.73,13
SHI INTERNATIONAL CORP,BlueCrest,2025,553731.43,10
SHI INTERNATIONAL CORP,BMC,2020,549944.25,1
CDW GOVERNMENT LLC,MongoDB,2017,544435.0,3
CDW GOVERNMENT LLC,F5,2024,542429.41,7
CDW GOVERNMENT LLC,Tenable,2019,541528.15,1
CDW GOVERNMENT LLC,Riverbed,2018,537973.9299999999,2
DELL MARKETING LP,SAP,2015,524354.26,4
CDW GOVERNMENT LLC,Esri,2020,523391.8,5
WORLD WIDE TECHNOLOGY LLC,Multiple makers,2023,520211.52,4
CDW GOVERNMENT LLC,Esri,2022,517584.57,5
SHI INTERNATIONAL CORP,Kofax/Tungsten,2021,513448.29,26
DELL MARKETING LP,Multiple makers,2024,512195.85,8
CDW GOVERNMENT LLC,Microsoft,2017,512012.95,9
CDW GOVERNMENT LLC,Nutanix,2025,509339.19999999995,2
SHI INTERNATIONAL CORP,Multiple makers,2019,509057.1,35
SHI INTERNATIONAL CORP,SAP,2026,508621.05,4
CDW GOVERNMENT LLC,NetApp,2015,506256.0,5
CDW GOVERNMENT LLC,OpenText,2024,501801.02,4
WORLD WIDE TECHNOLOGY LLC,Microsoft,2023,499950.0,4
CDW GOVERNMENT LLC,Microsoft,2018,498021.49,3
CDW GOVERNMENT LLC,Varonis,2020,493341.6,1
CDW GOVERNMENT LLC,IBM,2016,491686.23,2
CDW GOVERNMENT LLC,Xerox,2024,487646.76,11
SHI INTERNATIONAL CORP,Apple,2022,487479.23000000004,22
CDW GOVERNMENT LLC,Infoblox,2023,487333.93000000005,2
SHI INTERNATIONAL CORP,Oracle,2023,478285.92,4
CDW GOVERNMENT LLC,BMC,2019,477056.52,2
CDW GOVERNMENT LLC,Tableau,2024,469139.52999999997,29
SHI INTERNATIONAL CORP,Juniper,2023,464314.32,7
SHI INTERNATIONAL CORP,HP/HPE,2026,458960.88,12
CDW GOVERNMENT LLC,Nutanix,2022,457195.88,1
SHI INTERNATIONAL CORP,Citrix,2019,456827.94,2
CDW GOVERNMENT LLC,Autodesk,2024,456213.56,12
CARAHSOFT TECHNOLOGY CORP,ServiceNow,2021,455892.0,1
SHI INTERNATIONAL CORP,BlueCrest,2026,455545.92,3
SHI INTERNATIONAL CORP,SAP,2021,453664.94,1
CDW GOVERNMENT LLC,OpenText,2026,452110.45999999996,3
SHI INTERNATIONAL CORP,Autodesk,2021,450856.43,9
SHI INTERNATIONAL CORP,Riverbed,2019,445194.24,6
INSIGHT PUBLIC SECTOR INC,Juniper,2018,445163.8,2
CDW GOVERNMENT LLC,Esri,2021,445067.3,5
SHI INTERNATIONAL CORP,Ivanti,2024,443343.13,5
SHI INTERNATIONAL CORP,Riverbed,2018,437632.61,3
SHI INTERNATIONAL CORP,Multiple makers,2024,433774.99000000005,7
CDW GOVERNMENT LLC,OpenText,2025,430581.39,2
PRESIDIO NETWORKED SOLUTIONS GROUP LLC,Multiple makers,2021,426659.88,2
SHI INTERNATIONAL CORP,IBM,2025,423365.62,9
CDW GOVERNMENT LLC,Arista,2020,419741.1,2
PRESIDIO NETWORKED SOLUTIONS GROUP LLC,Oracle,2024,418834.27999999997,8
CDW GOVERNMENT LLC,Dynatrace,2019,416022.83,1
SHI INTERNATIONAL CORP,Riverbed,2024,414482.94,11
SHI INTERNATIONAL CORP,Microsoft,2023,412429.1,10
SHI INTERNATIONAL CORP,Forescout,2025,409367.0,1
SHI INTERNATIONAL CORP,Tableau,2022,403905.37,28
DELL MARKETING LP,Red Hat,2016,399266.82,2
CDW GOVERNMENT LLC,VMware,2019,397132.55,1
DELL MARKETING LP,Red Hat,2019,396000.32,3
SHI INTERNATIONAL CORP,Dell/EMC,2024,392843.6,1
CDW GOVERNMENT LLC,Apple,2019,389491.5,29
CDW GOVERNMENT LLC,Panasonic,2017,385710.72,8
GOVCONNECTION INC,Unattributed,2019,383070.05,178
CDW GOVERNMENT LLC,Xerox,2015,380924.1,5
DELL MARKETING LP,Red Hat,2015,379275.2,5
CARAHSOFT TECHNOLOGY CORP,Salesforce,2024,377595.69,2
CDW GOVERNMENT LLC,Forescout,2019,369328.0,5
SHI INTERNATIONAL CORP,SAP,2022,362180.49,2
SHI INTERNATIONAL CORP,Informatica,2021,361801.87,3
INSIGHT PUBLIC SECTOR INC,Microsoft,2016,361789.34,6
SHI INTERNATIONAL CORP,Broadcom/Symantec/CA,2017,361241.31,3
SHI INTERNATIONAL CORP,Cisco,2023,358400.0,2
CDW GOVERNMENT LLC,Multiple makers,2025,356157.26,5
SHI INTERNATIONAL CORP,Samsung,2020,354613.2,8
SHI INTERNATIONAL CORP,DocuSign,2020,351325.0,1
PRESIDIO NETWORKED SOLUTIONS GROUP LLC,Oracle,2025,351228.96,8
CDW GOVERNMENT LLC,Varonis,2019,350999.97,1
SHI INTERNATIONAL CORP,Multiple makers,2020,350033.58999999997,9
CDW GOVERNMENT LLC,Google,2019,350000.0,1
CDW GOVERNMENT LLC,Splunk,2020,350000.0,1
SHI INTERNATIONAL CORP,Informatica,2015,349047.43,8
CDW GOVERNMENT LLC,Infoblox,2021,338280.02,3
INSIGHT PUBLIC SECTOR INC,SAP,2020,338049.26,2
DELL MARKETING LP,SAP,2016,337682.85000000003,2
INSIGHT PUBLIC SECTOR INC,Juniper,2019,336613.18,1
DELL MARKETING LP,SAP,2019,335938.13,2
CDW GOVERNMENT LLC,Tableau,2018,334995.0,4
SHI INTERNATIONAL CORP,Fortinet,2021,334029.72,12
SHI INTERNATIONAL CORP,Juniper,2021,332345.05,6
INSIGHT PUBLIC SECTOR INC,Juniper,2020,330207.33,1
SHI INTERNATIONAL CORP,Forescout,2024,327497.0,1
SHI INTERNATIONAL CORP,IBM,2024,327095.20999999996,6
SHI INTERNATIONAL CORP,Citrix,2022,326306.5,2
SHI INTERNATIONAL CORP,Poly/Polycom,2025,321424.45,24
SHI INTERNATIONAL CORP,Ivanti,2025,316639.08,4
SHI INTERNATIONAL CORP,Fortinet,2026,314670.08,3
CARAHSOFT TECHNOLOGY CORP,Salesforce,2025,314489.62,1
CDW GOVERNMENT LLC,Veritas,2018,312676.54,3
SHI INTERNATIONAL CORP,Citrix,2021,311819.34,3
SHI INTERNATIONAL CORP,Forescout,2023,310241.5,1
SHI INTERNATIONAL CORP,Informatica,2023,308627.06,2
DELL MARKETING LP,OpenText,2018,304328.77,1
CDW GOVERNMENT LLC,OpenText,2019,299881.56,1
INSIGHT PUBLIC SECTOR INC,Unattributed,2016,295934.36,11
GOVCONNECTION INC,Unattributed,2022,294947.66,71
SHI INTERNATIONAL CORP,Pure Storage,2022,293253.24,1
CDW GOVERNMENT LLC,HP/HPE,2024,290516.56,17
CDW GOVERNMENT LLC,BMC,2018,282880.0,4
CDW GOVERNMENT LLC,NetApp,2024,281664.21,3
SHI INTERNATIONAL CORP,Pure Storage,2019,275769.4,2
SHI INTERNATIONAL CORP,Kofax/Tungsten,2022,275745.88,8
SHI INTERNATIONAL CORP,Canon,2026,273417.8,9
GOVCONNECTION INC,Commvault,2021,272370.85,2
DELL MARKETING LP,Multiple makers,2026,270236.47,3
CDW GOVERNMENT LLC,KnowBe4,2023,268500.0,2
SHI INTERNATIONAL CORP,Tyler Technologies,2026,263329.36,2
CDW GOVERNMENT LLC,Cisco,2026,259439.57,1
GOVCONNECTION INC,Unattributed,2021,257272.91,80
SHI INTERNATIONAL CORP,Pure Storage,2023,256998.24,1
SHI INTERNATIONAL CORP,ServiceNow,2019,256056.0,1
GOVCONNECTION INC,Commvault,2020,253923.06,2
GOVCONNECTION INC,Commvault,2019,253921.06,1
CDW GOVERNMENT LLC,Panasonic,2019,253036.66,9
WORLD WIDE TECHNOLOGY LLC,Snowflake,2026,250000.0,1
SHI INTERNATIONAL CORP,Tenable,2024,249020.36,4
CDW GOVERNMENT LLC,Axis Communications,2026,241797.4,11
CDW GOVERNMENT LLC,Brocade,2016,240989.2,5
DELL MARKETING LP,Informatica,2018,238479.90000000002,2
SHI INTERNATIONAL CORP,SAP,2019,236310.87,3
GOVCONNECTION INC,Unattributed,2016,235604.04,196
SHI INTERNATIONAL CORP,Informatica,2022,235205.7,2
DELL MARKETING LP,Informatica,2019,227130.38,2
CDW GOVERNMENT LLC,Red Hat,2018,226510.9,2
CDW GOVERNMENT LLC,Red Hat,2019,226510.9,1
CARAHSOFT TECHNOLOGY CORP,HP/HPE,2019,225569.61,6
WORLD WIDE TECHNOLOGY LLC,Microsoft,2024,224963.05,1
SHI INTERNATIONAL CORP,DocuSign,2022,224250.0,1
CDW GOVERNMENT LLC,Ciena,2022,224202.56999999998,3
SHI INTERNATIONAL CORP,Samsung,2025,224118.0,2
DELL MARKETING LP,SAP,2017,223384.73,1
GOVCONNECTION INC,Unattributed,2015,216425.09,197
INSIGHT PUBLIC SECTOR INC,Unattributed,2015,214204.61000000002,10
DELL MARKETING LP,Informatica,2017,213412.08000000002,3
PRESIDIO NETWORKED SOLUTIONS GROUP LLC,BMC,2016,211919.98,5
PRESIDIO NETWORKED SOLUTIONS GROUP LLC,Oracle,2026,207975.96,4
PRESIDIO NETWORKED SOLUTIONS GROUP LLC,Oracle,2021,207920.18000000002,4
DELL MARKETING LP,Oracle,2025,204835.04,2
CDW GOVERNMENT LLC,Rapid7,2026,201387.7,1
SHI INTERNATIONAL CORP,Adobe,2015,200461.6,9
SHI INTERNATIONAL CORP,Zoom,2025,199894.2,51
PRESIDIO NETWORKED SOLUTIONS GROUP LLC,Multiple makers,2023,199868.06,2
CARAHSOFT TECHNOLOGY CORP,Red Hat,2020,197965.37,3
SHI INTERNATIONAL CORP,Forescout,2026,196830.0,1
SHI INTERNATIONAL CORP,AWS,2021,196734.31,5
CDW GOVERNMENT LLC,Splunk,2017,195624.01,1
SHI INTERNATIONAL CORP,DocuSign,2024,195452.52,3
DELL MARKETING LP,Autodesk,2020,194099.35,3
CDW GOVERNMENT LLC,Tableau,2016,192758.53,2
SHI INTERNATIONAL CORP,Skyhigh Security,2024,189158.3,2
SHI INTERNATIONAL CORP,Tenable,2019,187651.34,7
SHI INTERNATIONAL CORP,Zoom,2026,187254.29,61
CDW GOVERNMENT LLC,Splunk,2019,186754.68,1
CDW GOVERNMENT LLC,Splunk,2018,186754.68,1
SHI INTERNATIONAL CORP,Canon,2022,186738.59000000003,3
CARAHSOFT TECHNOLOGY CORP,Salesforce,2019,186002.55,12
CARAHSOFT TECHNOLOGY CORP,Salesforce,2021,180925.36,12
PRESIDIO NETWORKED SOLUTIONS GROUP LLC,Dell/EMC,2025,179914.49,1
CDW GOVERNMENT LLC,Panasonic,2015,179285.89,48
CARAHSOFT TECHNOLOGY CORP,Salesforce,2017,178886.53,12
WORLD WIDE TECHNOLOGY LLC,Microsoft,2025,176837.75,3
CDW GOVERNMENT LLC,Autodesk,2016,175138.34,4
DELL MARKETING LP,HP/HPE,2015,174889.57,2
CARAHSOFT TECHNOLOGY CORP,Salesforce,2018,170030.09,9
SHI INTERNATIONAL CORP,Tenable,2026,164683.04,3
SHI INTERNATIONAL CORP,HP/HPE,2016,164501.99,2
DELL MARKETING LP,Citrix,2017,163625.0,1
CDW GOVERNMENT LLC,Cisco,2015,161782.6,4
PRESIDIO NETWORKED SOLUTIONS GROUP LLC,Dell/EMC,2018,161232.48,2
CARAHSOFT TECHNOLOGY CORP,Salesforce,2022,159327.06,16
SHI INTERNATIONAL CORP,Canon,2023,157211.01,1
SHI INTERNATIONAL CORP,Ivanti,2020,156881.8,1
SHI INTERNATIONAL CORP,IBM,2023,156159.79,2
CDW GOVERNMENT LLC,Panasonic,2024,154701.94,4
CARAHSOFT TECHNOLOGY CORP,Red Hat,2021,153280.8,2
CARAHSOFT TECHNOLOGY CORP,Salesforce,2015,152802.91,3
SHI INTERNATIONAL CORP,Multiple makers,2025,151109.9,4
SHI INTERNATIONAL CORP,Tenable,2025,150626.84,3
SHI INTERNATIONAL CORP,Oracle,2016,149657.03,4
SHI INTERNATIONAL CORP,Canon,2024,148872.17,5
GOVCONNECTION INC,Unattributed,2020,147705.51,116
SHI INTERNATIONAL CORP,HP/HPE,2018,147343.32,1
SHI INTERNATIONAL CORP,APC/Schneider,2023,147054.5,2
SHI INTERNATIONAL CORP,Riverbed,2026,145621.4,4
SHI INTERNATIONAL CORP,UKG/Kronos,2020,145543.18,3
SHI INTERNATIONAL CORP,Kofax/Tungsten,2025,143144.15,5
DELL MARKETING LP,GitHub,2026,140849.8,6
DELL MARKETING LP,Dynatrace,2020,140841.07,2
SHI INTERNATIONAL CORP,Commvault,2018,140839.32,4
SHI INTERNATIONAL CORP,Oracle,2015,140597.25,3
INSIGHT PUBLIC SECTOR INC,Riverbed,2023,139939.52,8
SHI INTERNATIONAL CORP,Autodesk,2019,138937.95,4
SHI INTERNATIONAL CORP,Informatica,2017,137015.64,2
SHI INTERNATIONAL CORP,Tenable,2021,136163.71000000002,3
CDW GOVERNMENT LLC,Lenovo,2016,135736.62,6
CDW GOVERNMENT LLC,Axis Communications,2024,135258.82,13
CDW GOVERNMENT LLC,F5,2025,134851.7,2
SHI INTERNATIONAL CORP,Ivanti,2022,133941.1,4
CDW GOVERNMENT LLC,F5,2026,133381.94,2
DELL MARKETING LP,Dynatrace,2019,132868.97,1
SHI INTERNATIONAL CORP,Zoom,2023,132767.1,30
SHI INTERNATIONAL CORP,Veeam,2019,130285.9,2
SHI INTERNATIONAL CORP,Kofax/Tungsten,2023,129474.7,5
PRESIDIO NETWORKED SOLUTIONS GROUP LLC,Oracle,2022,128712.78,3
SHI INTERNATIONAL CORP,Google,2022,127312.0,2
DELL MARKETING LP,GitHub,2024,125917.5,5
CDW GOVERNMENT LLC,Varonis,2024,125904.4,1
CDW GOVERNMENT LLC,Varonis,2023,125904.4,1
CDW GOVERNMENT LLC,Varonis,2025,125904.4,1
DELL MARKETING LP,Dynatrace,2018,125348.07,1
SHI INTERNATIONAL CORP,Ivanti,2023,124216.6,2
SHI INTERNATIONAL CORP,Google,2021,122964.6,5
SHI INTERNATIONAL CORP,Multiple makers,2026,122725.1,2
CARAHSOFT TECHNOLOGY CORP,Veritas,2020,122123.86,1
SHI INTERNATIONAL CORP,Commvault,2015,122121.18000000001,3
SHI INTERNATIONAL CORP,Splunk,2017,121292.12,4
SHI INTERNATIONAL CORP,Tenable,2022,120869.81999999999,3
SHI INTERNATIONAL CORP,Zoom,2024,119375.59,39
PRESIDIO NETWORKED SOLUTIONS GROUP LLC,Cisco,2015,118942.55,4
CDW GOVERNMENT LLC,Apple,2016,117490.22,23
SHI INTERNATIONAL CORP,Commvault,2016,115735.43,3
DELL MARKETING LP,GitHub,2023,115257.0,2
GOVCONNECTION INC,Unattributed,2023,115101.72,57
CARAHSOFT TECHNOLOGY CORP,Atlassian,2021,113889.04,6
SHI INTERNATIONAL CORP,Autodesk,2020,113301.06999999999,6
SHI INTERNATIONAL CORP,Riverbed,2025,113120.42,6
DELL MARKETING LP,SAP,2018,112553.4,1
DELL MARKETING LP,Varonis,2017,112543.04000000001,2
SHI INTERNATIONAL CORP,Commvault,2017,111112.87000000001,3
SHI INTERNATIONAL CORP,Adobe,2018,108763.71,6
CARAHSOFT TECHNOLOGY CORP,Red Hat,2022,108596.23,2
SHI INTERNATIONAL CORP,Informatica,2019,108031.49,8
DELL MARKETING LP,Adobe,2018,106840.45000000001,2
CDW GOVERNMENT LLC,Dell/EMC,2015,106683.1,3
SHI INTERNATIONAL CORP,Apple,2024,106550.67000000001,5
INSIGHT PUBLIC SECTOR INC,Commvault,2020,105782.28,3
INSIGHT PUBLIC SECTOR INC,Microsoft,2018,103165.78,3
DELL MARKETING LP,Oracle,2024,102417.53,1
SHI INTERNATIONAL CORP,HP/HPE,2025,101929.15,12
SHI INTERNATIONAL CORP,Panasonic,2024,99990.0,4
SHI INTERNATIONAL CORP,Atlassian,2022,99925.0,1
SHI INTERNATIONAL CORP,UKG/Kronos,2019,99665.5,2
SHI INTERNATIONAL CORP,Tenable,2020,99129.31,1
SHI INTERNATIONAL CORP,Samsung,2022,99013.75,3
SHI INTERNATIONAL CORP,Citrix,2026,98784.0,3
INSIGHT PUBLIC SECTOR INC,Microsoft,2015,97466.45,6
INSIGHT PUBLIC SECTOR INC,SolarWinds,2025,96868.32,3
DELL MARKETING LP,Veritas,2018,96749.87,1
SHI INTERNATIONAL CORP,Panasonic,2019,96606.3,1
DELL MARKETING LP,GitHub,2025,95790.0,1
SHI INTERNATIONAL CORP,Splunk,2021,95665.07,2
CDW GOVERNMENT LLC,HP/HPE,2015,94656.63,23
SHI INTERNATIONAL CORP,Tableau,2017,94308.0,3
SHI INTERNATIONAL CORP,Atlassian,2021,93784.08,1
SHI INTERNATIONAL CORP,Pure Storage,2024,93756.96,1
SHI INTERNATIONAL CORP,NetApp,2023,93205.5,1
PRESIDIO NETWORKED SOLUTIONS GROUP LLC,F5,2015,92416.0,1
CARAHSOFT TECHNOLOGY CORP,Atlassian,2020,92025.01,2
SHI INTERNATIONAL CORP,Splunk,2019,91907.37,1
SHI INTERNATIONAL CORP,KnowBe4,2019,91130.76,1
SHI INTERNATIONAL CORP,Dell/EMC,2026,89850.0,1
SHI INTERNATIONAL CORP,Pure Storage,2025,89534.16,1
SHI INTERNATIONAL CORP,Splunk,2022,89500.0,1
SHI INTERNATIONAL CORP,Ivanti,2019,89488.86,1
SHI INTERNATIONAL CORP,Splunk,2025,88981.2,2
PRESIDIO NETWORKED SOLUTIONS LLC,Unattributed,2025,88892.37,12
SHI INTERNATIONAL CORP,Tableau,2024,88829.19,6
DELL MARKETING LP,Informatica,2020,88816.5,1
SHI INTERNATIONAL CORP,SolarWinds,2019,88191.38,8
WORLD WIDE TECHNOLOGY LLC,Snowflake,2025,87600.0,1
SHI INTERNATIONAL CORP,Fortinet,2019,86212.66,2
SHI INTERNATIONAL CORP,Kofax/Tungsten,2026,81862.98,3
SHI INTERNATIONAL CORP,Varonis,2016,79810.28,2
SHI INTERNATIONAL CORP,Dell/EMC,2016,79172.86,1
SHI INTERNATIONAL CORP,Dell/EMC,2020,78668.17,2
CDW GOVERNMENT LLC,Gigamon,2020,78543.34,2
INSIGHT PUBLIC SECTOR INC,Riverbed,2024,77202.84,3
SHI INTERNATIONAL CORP,UKG/Kronos,2021,76163.5,7
SHI INTERNATIONAL CORP,Varonis,2015,75982.58,2
PRESIDIO NETWORKED SOLUTIONS GROUP LLC,Fortinet,2023,75947.1,3
PRESIDIO NETWORKED SOLUTIONS GROUP LLC,Oracle,2020,75386.12,1
CDW GOVERNMENT LLC,Logitech,2021,74991.08,2
SHI INTERNATIONAL CORP,Oracle,2024,74898.35,5
DELL MARKETING LP,Informatica,2016,74212.76,1
CARAHSOFT TECHNOLOGY CORP,Multiple makers,2015,73657.5,2
SHI INTERNATIONAL CORP,Netscout,2018,73500.22,2
DELL MARKETING LP,Informatica,2015,73043.95999999999,2
CDW GOVERNMENT LLC,Apple,2026,72394.73,50
SHI INTERNATIONAL CORP,Splunk,2018,71669.88,2
DELL MARKETING LP,Red Hat,2017,71200.0,1
CDW GOVERNMENT LLC,Veritas,2019,70539.9,4
SHI INTERNATIONAL CORP,Smartsheet,2024,69650.0,7
SHI INTERNATIONAL CORP,IBM,2021,69600.0,1
CDW GOVERNMENT LLC,Axis Communications,2023,68810.18,5
CDW GOVERNMENT LLC,Microsoft,2016,68637.95,5
INSIGHT PUBLIC SECTOR INC,APC/Schneider,2018,68182.8,3
PRESIDIO NETWORKED SOLUTIONS GROUP LLC,Red Hat,2025,68059.36,1
CDW GOVERNMENT LLC,Multiple makers,2020,67711.9,3
SHI INTERNATIONAL CORP,OpenText,2015,67330.27,1
SHI INTERNATIONAL CORP,UiPath,2023,66583.08,2
SHI INTERNATIONAL CORP,SolarWinds,2020,66572.7,1
INSIGHT PUBLIC SECTOR INC,Microsoft,2020,64962.549999999996,6
SHI INTERNATIONAL CORP,UiPath,2022,64895.79,1
CDW GOVERNMENT LLC,Adobe,2019,64690.87,2
INSIGHT PUBLIC SECTOR INC,Varonis,2023,64663.0,1
SHI INTERNATIONAL CORP,Juniper,2017,64357.02,1
INSIGHT PUBLIC SECTOR INC,Varonis,2022,64217.0,3
PRESIDIO NETWORKED SOLUTIONS GROUP LLC,Palo Alto Networks,2020,63720.4,3
SHI INTERNATIONAL CORP,Riverbed,2016,63432.08,1
INSIGHT PUBLIC SECTOR INC,Riverbed,2022,63207.29,4
CARAHSOFT TECHNOLOGY CORP,Salesforce,2026,61844.0,1
SHI INTERNATIONAL CORP,DocuSign,2021,60800.9,1
SHI INTERNATIONAL CORP,Tableau,2020,60026.12,14
INSIGHT PUBLIC SECTOR INC,Varonis,2021,59607.6,1
CARAHSOFT TECHNOLOGY CORP,Adobe,2020,59310.5,2
SHI INTERNATIONAL CORP,Smartsheet,2026,58659.78,9
CDW GOVERNMENT LLC,BMC,2016,58005.8,1
CDW GOVERNMENT LLC,Tableau,2019,57780.0,3
SHI INTERNATIONAL CORP,Tenable,2017,56400.25,5
DELL MARKETING LP,Autodesk,2023,55472.0,3
SHI INTERNATIONAL CORP,Varonis,2020,55043.88,1
CDW GOVERNMENT LLC,Veeam,2025,54533.2,2
DELL MARKETING LP,Bluebeam,2016,53400.0,1
DELL MARKETING LP,OpenText,2015,52550.04,1
SHI INTERNATIONAL CORP,Panasonic,2020,52443.42,1
SHI INTERNATIONAL CORP,Zoom,2022,52385.17,6
SHI INTERNATIONAL CORP,Kofax/Tungsten,2019,50962.79,14
PRESIDIO NETWORKED SOLUTIONS GROUP LLC,Autodesk,2023,50265.63,1
INSIGHT PUBLIC SECTOR INC,Lenovo,2018,49993.45,2
SHI INTERNATIONAL CORP,Smartsheet,2025,48790.0,9
SHI INTERNATIONAL CORP,Tenable,2018,47450.71,3
SHI INTERNATIONAL CORP,Poly/Polycom,2026,47225.55,1
SHI INTERNATIONAL CORP,Forescout,2022,46724.5,3
CDW GOVERNMENT LLC,Microsoft,2021,46712.65,9
INSIGHT PUBLIC SECTOR INC,Autodesk,2019,46455.16,2
PRESIDIO NETWORKED SOLUTIONS GROUP LLC,Dell/EMC,2017,46332.48,1
CDW GOVERNMENT LLC,Poly/Polycom,2020,45991.5,3
CARAHSOFT TECHNOLOGY CORP,Kofax/Tungsten,2015,45356.51,3
SHI INTERNATIONAL CORP,Samsung,2023,44927.0,28
PRESIDIO NETWORKED SOLUTIONS GROUP LLC,Red Hat,2023,43208.24,1
DELL MARKETING LP,Commvault,2019,43206.31,2
SHI INTERNATIONAL CORP,OpenText,2021,42924.61,1
SHI INTERNATIONAL CORP,Kofax/Tungsten,2018,41771.92,13
PRESIDIO NETWORKED SOLUTIONS GROUP LLC,Red Hat,2024,40934.16,1
CDW GOVERNMENT LLC,Lenovo,2026,40598.87,15
CDW GOVERNMENT LLC,Microsoft,2015,40498.33,7
CDW GOVERNMENT LLC,Samsung,2024,39970.7,1
DELL MARKETING LP,Autodesk,2017,39767.54,1
CDW GOVERNMENT LLC,Slack,2026,38803.6,2
CDW GOVERNMENT LLC,Slack,2025,38679.0,2
CDW GOVERNMENT LLC,Slack,2024,38679.0,4
SHI INTERNATIONAL CORP,Tableau,2019,38117.48,12
CDW GOVERNMENT LLC,Panasonic,2016,37864.15,4
DELL MARKETING LP,Trellix/McAfee,2025,37816.0,3
INSIGHT PUBLIC SECTOR INC,Multiple makers,2022,37310.85,3
CDW GOVERNMENT LLC,Juniper,2016,36715.2,7
PRESIDIO NETWORKED SOLUTIONS GROUP LLC,Unattributed,2015,36202.0,4
INSIGHT PUBLIC SECTOR INC,Trellix/McAfee,2024,34719.729999999996,3
CDW GOVERNMENT LLC,Apple,2025,34426.1,16
SHI INTERNATIONAL CORP,Logitech,2021,33868.0,2
SHI INTERNATIONAL CORP,Varonis,2019,33768.0,1
PRESIDIO NETWORKED SOLUTIONS GROUP LLC,Multiple makers,2026,33619.36,3
SHI INTERNATIONAL CORP,AWS,2023,33294.52,3
SHI INTERNATIONAL CORP,OpenText,2019,32325.0,1
CARAHSOFT TECHNOLOGY CORP,Autodesk,2019,31853.16,3
CARAHSOFT TECHNOLOGY CORP,Zoom,2022,31663.059999999998,4
CDW GOVERNMENT LLC,Apple,2015,31620.85,11
CDW GOVERNMENT LLC,Fortinet,2019,31460.24,3
SHI INTERNATIONAL CORP,Zoom,2021,31427.66,3
SHI INTERNATIONAL CORP,Autodesk,2016,31412.52,1
SHI INTERNATIONAL CORP,Elastic,2026,30947.52,1
INSIGHT PUBLIC SECTOR INC,SolarWinds,2024,30928.13,6
WORLD WIDE TECHNOLOGY LLC,Unattributed,2022,30852.62,9
DELL MARKETING LP,Trellix/McAfee,2022,30305.879999999997,3
DELL MARKETING LP,Oracle,2023,30000.0,1
CDW GOVERNMENT LLC,Arista,2021,29667.0,1
DELL MARKETING LP,Trellix/McAfee,2023,29420.36,3
SHI INTERNATIONAL CORP,AWS,2022,29402.65,2
SHI INTERNATIONAL CORP,HP/HPE,2021,28027.03,2
SHI INTERNATIONAL CORP,Adobe,2017,27996.65,3
DELL MARKETING LP,Adobe,2022,27562.059999999998,2
SHI INTERNATIONAL CORP,HP/HPE,2023,27505.77,4
SHI INTERNATIONAL CORP,Oracle,2017,26289.1,1
DELL MARKETING LP,SolarWinds,2023,26013.03,3
SHI INTERNATIONAL CORP,Atlassian,2020,25650.0,1
INSIGHT PUBLIC SECTOR INC,HP/HPE,2015,25442.06,6
CDW GOVERNMENT LLC,Nutanix,2017,24975.9,1
SHI INTERNATIONAL CORP,Apple,2023,24960.64,9
CDW GOVERNMENT LLC,Fortinet,2018,24900.0,1
SHI INTERNATIONAL CORP,SolarWinds,2021,24773.44,1
SHI INTERNATIONAL CORP,SolarWinds,2016,24759.65,8
SHI INTERNATIONAL CORP,Apple,2026,24587.45,9
SHI INTERNATIONAL CORP,Atlassian,2019,24581.0,1
SHI INTERNATIONAL CORP,Kofax/Tungsten,2017,24436.4,11
CDW GOVERNMENT LLC,Oracle,2016,24310.0,1
DELL MARKETING LP,Oracle,2018,24285.45,1
SHI INTERNATIONAL CORP,Microsoft,2022,24279.899999999998,9
CDW GOVERNMENT LLC,Apple,2018,23447.68,5
CARAHSOFT TECHNOLOGY CORP,Kofax/Tungsten,2016,23360.43,3
DELL MARKETING LP,DocuSign,2019,23201.32,1
INSIGHT PUBLIC SECTOR INC,Autodesk,2026,22707.6,3
CARAHSOFT TECHNOLOGY CORP,Tableau,2026,21863.9,3
SHI INTERNATIONAL CORP,SolarWinds,2024,21374.269999999997,3
SHI INTERNATIONAL CORP,Autodesk,2015,20790.3,2
SHI INTERNATIONAL CORP,Adobe,2016,20642.4,5
CDW GOVERNMENT LLC,Citrix,2017,20203.0,1
SHI INTERNATIONAL CORP,Logitech,2023,20000.0,1
CARAHSOFT TECHNOLOGY CORP,Redis,2025,19999.99,1
INSIGHT PUBLIC SECTOR INC,Autodesk,2022,19999.66,1
CARAHSOFT TECHNOLOGY CORP,UiPath,2021,19999.0,1
DELL MARKETING LP,Adobe,2019,19872.03,1
DELL MARKETING LP,Adobe,2020,19809.68,1
DELL MARKETING LP,Adobe,2021,19806.76,1
SHI INTERNATIONAL CORP,Tableau,2016,19729.3,1
CDW GOVERNMENT LLC,Lenovo,2017,19720.0,2
SHI INTERNATIONAL CORP,Bluebeam,2018,19445.41,1
SHI INTERNATIONAL CORP,Tableau,2018,19373.38,4
INSIGHT PUBLIC SECTOR INC,IBM,2025,19334.0,2
DELL MARKETING LP,Adobe,2023,19173.44,1
DELL MARKETING LP,Red Hat,2021,18949.58,1
DELL MARKETING LP,Red Hat,2022,18949.58,1
DELL MARKETING LP,Red Hat,2020,18949.58,1
DELL MARKETING LP,Red Hat,2024,18750.08,1
DELL MARKETING LP,Red Hat,2023,18750.08,1
SHI INTERNATIONAL CORP,SolarWinds,2015,18623.41,7
CARAHSOFT TECHNOLOGY CORP,DocuSign,2021,18556.61,2
SHI INTERNATIONAL CORP,Bluebeam,2015,18511.2,1
DELL MARKETING LP,Adobe,2024,18367.64,1
WORLD WIDE TECHNOLOGY LLC,Fortinet,2026,17934.48,1
INSIGHT PUBLIC SECTOR INC,Lenovo,2019,17597.97,1
SHI INTERNATIONAL CORP,Cisco,2024,17402.46,1
SHI INTERNATIONAL CORP,GitLab,2026,17288.5,1
PRESIDIO NETWORKED SOLUTIONS GROUP LLC,Verint,2026,17256.6,2
DELL MARKETING LP,Accela,2015,16996.1,1
SHI INTERNATIONAL CORP,Veeam,2026,16954.879999999997,2
INSIGHT PUBLIC SECTOR INC,Microsoft,2019,16908.64,1
DELL MARKETING LP,Adobe,2017,16901.29,1
SHI INTERNATIONAL CORP,Varonis,2017,16582.84,1
DELL MARKETING LP,Adobe,2015,16550.94,1
CDW GOVERNMENT LLC,SAP,2017,16496.7,1
SHI INTERNATIONAL CORP,Forescout,2021,16395.81,1
SHI INTERNATIONAL CORP,Forescout,2020,16395.81,2
SHI INTERNATIONAL CORP,Apple,2018,16057.84,1
CDW GOVERNMENT LLC,Apple,2023,16040.67,2
CARAHSOFT TECHNOLOGY CORP,SolarWinds,2024,15934.9,2
SHI INTERNATIONAL CORP,Logitech,2026,15672.0,1
SHI INTERNATIONAL CORP,Kofax/Tungsten,2015,15003.55,3
INSIGHT PUBLIC SECTOR INC,APC/Schneider,2015,14996.13,2
DELL MARKETING LP,Cisco,2026,14990.8,1
DELL MARKETING LP,Broadcom/Symantec/CA,2017,14856.0,1
CARAHSOFT TECHNOLOGY CORP,Qualtrics,2025,14703.57,1
CARAHSOFT TECHNOLOGY CORP,DocuSign,2025,14071.42,8
PRESIDIO NETWORKED SOLUTIONS GROUP LLC,Fortinet,2026,13858.26,3
CDW GOVERNMENT LLC,APC/Schneider,2016,13854.11,3
CDW GOVERNMENT LLC,Adobe,2015,13817.15,8
SHI INTERNATIONAL CORP,Varonis,2018,13663.25,1
CARAHSOFT TECHNOLOGY CORP,SAP,2016,13282.5,1
CDW GOVERNMENT LLC,Axis Communications,2022,13152.5,2
CDW GOVERNMENT LLC,Xerox,2017,13148.42,1
CARAHSOFT TECHNOLOGY CORP,Genesys,2020,13097.38,1
SHI INTERNATIONAL CORP,Cisco,2020,13083.93,2
SHI INTERNATIONAL CORP,IBM,2022,13071.0,1
CARAHSOFT TECHNOLOGY CORP,Tableau,2023,12783.4,1
CDW GOVERNMENT LLC,HP/HPE,2025,12495.0,1
CARAHSOFT TECHNOLOGY CORP,Zoom,2025,12398.58,4
CDW GOVERNMENT LLC,Veeam,2022,12393.0,1
DELL MARKETING LP,SAS Institute,2015,12381.06,3
SHI INTERNATIONAL CORP,UKG/Kronos,2022,12289.5,1
PRESIDIO NETWORKED SOLUTIONS GROUP LLC,Palo Alto Networks,2022,12223.92,1
SHI INTERNATIONAL CORP,Ivanti,2021,11845.5,2
CDW GOVERNMENT LLC,Apple,2017,11843.529999999999,4
SHI INTERNATIONAL CORP,Kofax/Tungsten,2024,11404.27,4
PRESIDIO NETWORKED SOLUTIONS GROUP LLC,Multiple makers,2022,11341.56,3
CDW GOVERNMENT LLC,Apple,2024,11305.0,1
CDW GOVERNMENT LLC,Lenovo,2025,11166.79,7
CARAHSOFT TECHNOLOGY CORP,DocuSign,2024,11117.66,4
CARAHSOFT TECHNOLOGY CORP,Tableau,2022,11116.0,1
CDW GOVERNMENT LLC,Veeam,2021,10745.91,1
SHI INTERNATIONAL CORP,Salesforce,2025,10625.6,1
DELL MARKETING LP,Fortinet,2025,10561.98,1
SHI INTERNATIONAL CORP,Autodesk,2026,10445.0,1
SHI INTERNATIONAL CORP,Microsoft,2019,10311.869999999999,2
CDW GOVERNMENT LLC,Xerox,2019,10160.6,5
CDW GOVERNMENT LLC,Tableau,2017,10092.2,1
SHI INTERNATIONAL CORP,Apple,2025,9900.86,6
SHI INTERNATIONAL CORP,Commvault,2026,9627.94,1
SHI INTERNATIONAL CORP,Red Hat,2015,9554.4,2
PRESIDIO NETWORKED SOLUTIONS GROUP LLC,Fortinet,2025,9530.01,1
SHI INTERNATIONAL CORP,Commvault,2025,9406.45,1
DELL MARKETING LP,Logitech,2025,9315.48,2
DELL MARKETING LP,Adobe,2016,9264.6,1
SHI INTERNATIONAL CORP,Oracle,2019,9043.1,3
SHI INTERNATIONAL CORP,Multiple makers,2022,8796.48,1
PRESIDIO NETWORKED SOLUTIONS LLC,Unattributed,2023,8700.0,1
CARAHSOFT TECHNOLOGY CORP,HP/HPE,2017,8570.0,1
CARAHSOFT TECHNOLOGY CORP,Tableau,2025,8532.630000000001,3
SHI INTERNATIONAL CORP,Bluebeam,2026,8386.1,1
CDW GOVERNMENT LLC,Microsoft,2019,8325.38,2
PRESIDIO NETWORKED SOLUTIONS GROUP LLC,Palo Alto Networks,2025,8323.0,1
SHI INTERNATIONAL CORP,Slack,2023,7929.5,1
INSIGHT PUBLIC SECTOR INC,Apple,2018,7907.79,6
SHI INTERNATIONAL CORP,Datadog,2021,7899.96,1
SHI INTERNATIONAL CORP,Bluebeam,2025,7821.1,1
CDW GOVERNMENT LLC,APC/Schneider,2019,7707.150000000001,3
CARAHSOFT TECHNOLOGY CORP,HP/HPE,2015,7585.0,1
CARAHSOFT TECHNOLOGY CORP,HP/HPE,2016,7585.0,1
DELL MARKETING LP,Kofax/Tungsten,2018,7545.78,2
CARAHSOFT TECHNOLOGY CORP,Atlassian,2022,7540.31,1
CARAHSOFT TECHNOLOGY CORP,Arista,2021,7432.92,1
CARAHSOFT TECHNOLOGY CORP,Slack,2023,7343.0,1
SHI INTERNATIONAL CORP,Autodesk,2025,7073.51,2
SHI INTERNATIONAL CORP,Microsoft,2018,6970.42,1
CDW GOVERNMENT LLC,Lenovo,2015,6900.0,1
SHI INTERNATIONAL CORP,Google,2019,6850.5,3
WORLD WIDE TECHNOLOGY LLC,Lenovo,2026,6756.12,2
SHI INTERNATIONAL CORP,Logitech,2022,6699.03,4
CARAHSOFT TECHNOLOGY CORP,Kofax/Tungsten,2017,6696.54,1
CDW GOVERNMENT LLC,Apple,2021,6683.110000000001,3
SHI INTERNATIONAL CORP,Veeam,2020,6577.2,2
CARAHSOFT TECHNOLOGY CORP,Bentley,2024,6550.0,1
SHI INTERNATIONAL CORP,OpenText,2020,6507.04,1
SHI INTERNATIONAL CORP,Bentley,2020,6296.41,1
CDW GOVERNMENT LLC,Microsoft,2026,6038.76,6
DELL MARKETING LP,Kofax/Tungsten,2016,5820.12,1
SHI INTERNATIONAL CORP,Bluebeam,2024,5372.5,1
SHI INTERNATIONAL CORP,Veeam,2015,5372.4,1
SHI INTERNATIONAL CORP,Qualys,2022,5341.14,1
DELL MARKETING LP,Red Hat,2025,5307.42,1
CDW GOVERNMENT LLC,Multiple makers,2015,5152.06,1
CDW GOVERNMENT LLC,Microsoft,2025,5068.5,3
CDW GOVERNMENT LLC,APC/Schneider,2025,5036.04,1
SHI INTERNATIONAL CORP,Qualys,2016,5032.05,1
SHI INTERNATIONAL CORP,IBM,2018,4905.389999999999,2
CDW GOVERNMENT LLC,APC/Schneider,2015,4830.23,1
CARAHSOFT TECHNOLOGY CORP,DocuSign,2026,4758.69,1
DELL MARKETING LP,Logitech,2024,4678.2,1
CARAHSOFT TECHNOLOGY CORP,DocuSign,2022,4635.0,1
SHI INTERNATIONAL CORP,SolarWinds,2023,4532.5,1
SHI INTERNATIONAL CORP,Apple,2015,4482.68,4
SHI INTERNATIONAL CORP,Bluebeam,2020,4473.0,1
CARAHSOFT TECHNOLOGY CORP,Salesforce,2020,4413.3,2
PRESIDIO NETWORKED SOLUTIONS GROUP LLC,Fortinet,2024,4260.6,2
CDW GOVERNMENT LLC,Apple,2022,4219.29,3
SHI INTERNATIONAL CORP,SolarWinds,2026,4219.2,1
SHI INTERNATIONAL CORP,Veeam,2024,4153.65,1
GOVCONNECTION INC,Autodesk,2018,4064.02,1
CARAHSOFT TECHNOLOGY CORP,ServiceNow,2016,3969.9,1
INSIGHT PUBLIC SECTOR INC,Tenable,2018,3929.65,1
SHI INTERNATIONAL CORP,Veeam,2025,3862.8500000000004,2
DELL MARKETING LP,Multiple makers,2025,3834.79,3
CARAHSOFT TECHNOLOGY CORP,Atlassian,2024,3717.39,1
CARAHSOFT TECHNOLOGY CORP,Atlassian,2023,3717.39,1
PRESIDIO NETWORKED SOLUTIONS GROUP LLC,Ivanti,2026,3690.0,1
DELL MARKETING LP,Multiple makers,2022,3663.5,3
SHI INTERNATIONAL CORP,Microsoft,2020,3641.0000000000005,3
SHI INTERNATIONAL CORP,VMware,2017,3482.2799999999997,4
SHI INTERNATIONAL CORP,Samsung,2017,3417.75,2
SHI INTERNATIONAL CORP,Veeam,2023,3381.25,1
SHI INTERNATIONAL CORP,SAP,2018,3350.44,1
SHI INTERNATIONAL CORP,Canon,2025,3321.2,1
CDW GOVERNMENT LLC,Logitech,2026,3287.4,17
CDW GOVERNMENT LLC,Microsoft,2020,3287.32,2
SHI INTERNATIONAL CORP,Cisco,2016,3185.95,1
SHI INTERNATIONAL CORP,Google,2020,3179.0,1
DELL MARKETING LP,Multiple makers,2023,3116.12,2
PRESIDIO NETWORKED SOLUTIONS GROUP LLC,Ivanti,2025,3075.0,1
PRESIDIO NETWORKED SOLUTIONS GROUP LLC,Ivanti,2024,2946.0,1
SHI INTERNATIONAL CORP,Veeam,2022,2939.35,1
SHI INTERNATIONAL CORP,ViewSonic,2023,2861.25,1
SHI INTERNATIONAL CORP,Veeam,2021,2816.2,1
CDW GOVERNMENT LLC,Zebra,2025,2725.0,1
SHI INTERNATIONAL CORP,MathWorks,2018,2671.15,2
CDW GOVERNMENT LLC,Adobe,2017,2645.1,2
SHI INTERNATIONAL CORP,Veritas,2016,2534.28,1
CDW GOVERNMENT LLC,Broadcom/Symantec/CA,2015,2513.68,1
SHI INTERNATIONAL CORP,SAP,2015,2493.32,1
INSIGHT PUBLIC SECTOR INC,IBM,2018,2493.14,2
SHI INTERNATIONAL CORP,BMC,2015,2476.14,1
CDW GOVERNMENT LLC,SMART (boards),2023,2475.68,2
DELL MARKETING LP,GitHub,2021,2472.0,1
SHI INTERNATIONAL CORP,Google,2015,2415.63,1
SHI INTERNATIONAL CORP,Google,2018,2410.5,1
CDW GOVERNMENT LLC,Logitech,2015,2402.9,2
SHI INTERNATIONAL CORP,Tenable,2016,2376.54,1
SHI INTERNATIONAL CORP,Broadcom/Symantec/CA,2019,2368.0,1
DELL MARKETING LP,Autodesk,2025,2317.93,1
SHI INTERNATIONAL CORP,Tableau,2025,2289.62,1
SHI INTERNATIONAL CORP,Citrix,2016,2262.8,1
PRESIDIO NETWORKED SOLUTIONS LLC,Unattributed,2022,2257.64,1
CDW GOVERNMENT LLC,Xerox,2026,2225.76,1
SHI INTERNATIONAL CORP,ViewSonic,2024,2004.0,1
SHI INTERNATIONAL CORP,Tenable,2015,2002.44,2
CARAHSOFT TECHNOLOGY CORP,Smartsheet,2020,1974.0,3
INSIGHT PUBLIC SECTOR INC,Dell/EMC,2022,1952.08,1
CDW GOVERNMENT LLC,Apple,2020,1779.71,2
CDW GOVERNMENT LLC,Samsung,2026,1670.51,1
SHI INTERNATIONAL CORP,Oracle,2021,1624.62,1
CDW GOVERNMENT LLC,Microsoft,2024,1532.98,1
SHI INTERNATIONAL CORP,Autodesk,2024,1446.54,1
CDW GOVERNMENT LLC,Microsoft,2023,1371.51,1
SHI INTERNATIONAL CORP,Apple,2019,1342.0900000000001,2
CDW GOVERNMENT LLC,APC/Schneider,2022,1316.8,1
CDW GOVERNMENT LLC,Poly/Polycom,2025,1281.8799999999999,2
CDW GOVERNMENT LLC,Adobe,2020,1218.03,1
SHI INTERNATIONAL CORP,SolarWinds,2018,1170.13,1
SHI INTERNATIONAL CORP,Microsoft,2017,1123.87,1
CDW GOVERNMENT LLC,Fortinet,2020,1089.0,1
CARAHSOFT TECHNOLOGY CORP,Adobe,2015,1081.0,1
CDW GOVERNMENT LLC,Autodesk,2019,1073.66,1
SHI INTERNATIONAL CORP,Cisco,2022,1067.86,1
WORLD WIDE TECHNOLOGY LLC,Unattributed,2020,898.5,2
SHI INTERNATIONAL CORP,Cisco,2018,898.5,2
CARAHSOFT TECHNOLOGY CORP,SolarWinds,2025,878.75,2
CDW GOVERNMENT LLC,Motorola,2015,799.3199999999999,2
CDW GOVERNMENT LLC,Samsung,2020,775.98,1
GOVCONNECTION INC,HP/HPE,2018,756.64,1
CDW GOVERNMENT LLC,Logitech,2024,720.9,3
CDW GOVERNMENT LLC,Broadcom/Symantec/CA,2018,698.5,1
CDW GOVERNMENT LLC,APC/Schneider,2023,635.3,1
WORLD WIDE TECHNOLOGY LLC,Unattributed,2021,612.5,1
DELL MARKETING LP,Poly/Polycom,2023,552.66,1
WORLD WIDE TECHNOLOGY LLC,HP/HPE,2022,549.97,1
GOVCONNECTION INC,HP/HPE,2023,521.39,2
CDW GOVERNMENT LLC,Logitech,2025,513.72,2
CDW GOVERNMENT LLC,HP/HPE,2026,469.0,1
SHI INTERNATIONAL CORP,HP/HPE,2022,407.0,1
SHI INTERNATIONAL CORP,Samsung,2024,399.44,2
DELL MARKETING LP,Multiple makers,2021,396.9,1
SHI INTERNATIONAL CORP,Dell/EMC,2015,355.74,1
CDW GOVERNMENT LLC,Poly/Polycom,2016,346.93,1
CDW GOVERNMENT LLC,Bluebeam,2026,330.0,1
CDW GOVERNMENT LLC,APC/Schneider,2020,243.02,2
DELL MARKETING LP,Apple,2022,203.04,1
CDW GOVERNMENT LLC,Xerox,2020,96.76,1
DELL MARKETING LP,VMware,2023,45.98,1
INSIGHT PUBLIC SECTOR INC,Logitech,2024,39.21,1
CDW GOVERNMENT LLC,Ciena,2025,0.0,2
CDW GOVERNMENT LLC,Tableau,2021,0.0,1
